Year,Team,Safeties,Corners,InsideBackers,Edge,InteriorDLine,WRs,TEs,InteriorOLine,Tackles,QB,RB,Special,Dead,IR,Prac,Susp,Wins,Playoff Wins,SuperBowl Win
2005,cardinals,8.02,3.09,2.08,9.11,1.47,8.76,0.44,15.55,5.49,6.72,0.81,3.03,8.08,0.16,0.09,0.0,5,0,0
2006,cardinals,9.22,0.95,2.46,11.08,3.72,11.23,0.81,20.4,3.43,6.87,10.18,1.76,1.18,0.61,0.15,0.0,5,0,0
2007,cardinals,8.73,1.48,3.39,11.32,1.64,10.8,0.95,10.49,5.6,8.55,7.57,1.13,2.07,13.01,0.08,0.0,8,0,0
2008,cardinals,8.13,2.29,9.81,8.31,3.75,11.07,1.67,11.33,13.31,7.49,7.27,0.8,4.09,0.23,0.32,0.0,9,3,0
2009,cardinals,10.1,8.03,10.46,6.54,7.0,14.14,0.66,9.37,8.26,12.29,4.53,2.21,6.92,5.68,0.21,0.0,10,1,0
2010,cardinals,12.71,4.76,6.78,6.61,4.09,13.4,1.72,10.81,5.3,2.32,3.7,2.59,2.4,1.28,0.53,0.0,5,0,0
2011,cardinals,11.13,8.19,10.75,7.7,2.72,16.74,3.68,9.79,9.2,9.56,3.79,3.21,3.87,2.13,0.07,0.0,8,0,0
2012,cardinals,9.27,8.13,10.32,12.62,2.41,16.91,4.39,9.54,5.3,9.68,5.93,2.78,8.36,15.7,0.0,0.0,5,0,0
2013,cardinals,2.24,7.94,5.65,18.14,2.75,11.88,3.41,11.74,3.2,4.85,4.17,3.7,0.49,6.4,0.32,0.0,10,0,0
2014,cardinals,2.83,12.1,5.1,22.51,3.54,10.84,3.48,6.9,3.22,11.71,1.94,2.29,0.24,21.29,0.47,2.25,11,0,0
2015,cardinals,2.78,14.66,6.95,14.3,4.28,11.38,3.48,10.87,8.74,7.97,1.73,1.18,0.21,4.76,0.0,2.09,13,2,0
2016,cardinals,7.45,10.6,4.67,19.49,3.86,16.21,3.92,7.99,5.62,13.28,3.26,1.63,8.6,17.38,0.05,1.95,7,0,0
2017,cardinals,9.13,12.01,5.99,9.61,5.76,12.79,3.63,8.66,8.5,17.13,2.5,2.77,4.35,33.29,0.08,0.0,8,0,0
2018,cardinals,10.6,10.44,1.22,19.04,3.96,12.59,4.86,6.86,6.32,12.89,3.52,4.03,22.49,13.84,0.0,0.0,3,0,0
2019,cardinals,2.46,8.98,5.87,12.02,2.94,8.79,1.88,8.45,9.15,4.29,6.21,1.9,0.07,11.5,0.26,0.0,5,0,0
2005,falcons,0.53,2.72,7.19,8.63,1.3,4.71,0.0,2.37,4.84,9.25,6.01,0.27,0.21,0.0,0.09,0.0,8,0,0
2006,falcons,1.92,2.66,5.88,13.78,0.98,5.08,0.27,2.59,4.69,10.32,7.85,0.34,2.09,0.19,0.0,0.0,7,0,0
2007,falcons,2.16,6.23,9.01,11.51,1.8,7.19,0.61,3.93,3.81,11.7,9.84,1.06,3.8,2.96,0.35,6.95,4,0,0
2008,falcons,2.63,6.74,10.09,11.35,1.93,8.68,1.86,3.87,5.79,21.89,7.07,3.48,8.79,1.02,0.29,12.56,11,0,0
2009,falcons,3.44,4.04,4.8,12.18,6.69,14.04,5.82,4.86,6.53,16.71,7.14,5.54,15.22,4.7,0.22,0.0,9,0,0
2010,falcons,3.87,9.65,5.17,16.64,5.94,11.08,8.17,5.63,5.64,12.68,9.93,5.63,3.32,0.0,0.23,0.0,13,1,0
2011,falcons,3.79,10.57,6.31,17.3,5.62,11.19,8.47,6.84,7.1,13.69,10.87,2.62,3.24,4.2,0.31,0.0,10,0,0
2012,falcons,4.03,18.8,3.36,16.28,6.33,12.36,6.27,5.75,9.46,11.64,7.97,2.92,6.68,13.29,0.24,0.0,13,2,0
2013,falcons,6.15,12.21,3.41,16.29,7.44,14.3,5.77,8.8,5.93,7.99,6.41,3.25,13.8,12.24,0.08,0.0,4,0,0
2014,falcons,5.18,4.38,3.68,12.77,7.05,13.24,0.92,11.19,8.36,13.69,5.14,3.79,0.45,12.84,0.24,0.0,6,0,0
2015,falcons,6.8,3.76,0.4,14.89,6.14,17.61,2.04,12.83,6.6,14.08,2.36,4.88,15.32,9.61,0.0,0.0,8,0,0
2016,falcons,7.15,3.9,2.0,15.41,5.52,16.75,3.52,11.1,9.12,16.14,1.4,4.26,16.36,9.55,0.01,0.0,11,3,0
2017,falcons,4.09,9.71,2.45,13.06,10.52,16.83,2.38,10.18,5.51,16.26,3.66,3.98,5.01,6.24,0.0,0.0,10,1,0
2018,falcons,5.64,14.74,1.67,10.26,5.97,13.89,1.9,13.14,9.36,12.55,4.16,3.76,5.13,12.96,0.0,0.0,7,0,0
2019,falcons,5.54,10.07,2.98,14.75,8.99,10.32,3.44,14.21,7.67,9.49,5.0,4.22,9.83,17.16,0.08,0.29,7,0,0
2005,ravens,1.53,16.21,11.87,2.69,2.96,5.61,2.11,0.39,1.4,2.9,10.91,0.79,0.18,0.67,0.02,0.0,6,0,0
2006,ravens,2.64,15.7,12.52,3.46,4.53,7.96,3.01,0.97,2.54,5.71,4.33,0.29,0.31,0.65,0.0,0.0,13,1,0
2007,ravens,2.82,16.23,14.75,8.17,2.54,8.08,4.86,3.28,0.92,7.17,3.85,0.35,0.28,9.76,0.07,0.0,5,0,0
2008,ravens,4.26,14.79,15.52,10.86,2.68,7.94,3.43,4.69,1.05,6.4,3.74,0.61,2.76,0.17,0.64,0.0,11,2,0
2009,ravens,6.45,13.54,6.07,10.92,4.01,8.28,7.33,6.55,3.01,14.36,4.18,1.94,10.71,2.84,0.42,0.0,9,1,0
2010,ravens,9.39,10.19,8.09,14.9,5.21,9.96,5.83,8.49,5.87,6.42,6.33,3.4,0.27,6.33,0.33,0.0,12,1,0
2011,ravens,9.55,10.63,8.09,16.63,7.84,10.19,2.15,12.44,3.46,4.86,4.31,3.53,3.14,6.98,0.56,0.0,12,2,0
2012,ravens,12.31,12.21,10.58,14.78,11.03,10.53,1.68,7.23,4.84,7.04,8.68,3.09,9.61,13.72,0.38,0.0,10,4,1
2013,ravens,4.88,6.69,4.0,16.66,13.04,6.54,3.2,7.83,7.43,5.95,5.22,3.02,0.02,1.78,0.31,0.0,8,0,0
2014,ravens,5.81,9.52,5.31,14.0,13.17,5.93,3.68,9.86,5.07,11.86,6.33,3.43,11.27,10.15,0.36,0.0,10,1,0
2015,ravens,4.71,11.32,5.82,11.7,2.97,5.71,5.99,8.16,6.56,11.68,1.94,3.73,0.74,34.63,0.0,0.25,5,0,0
2016,ravens,6.53,14.93,5.96,13.2,3.05,9.96,4.95,7.63,6.14,15.57,4.02,4.87,9.85,12.75,0.0,0.0,8,0,0
2017,ravens,6.69,13.17,3.99,9.39,4.48,10.72,4.66,10.35,9.05,16.31,3.86,4.44,13.42,10.22,0.0,4.84,9,0,0
2018,ravens,8.25,14.73,6.89,7.39,4.81,7.01,2.61,6.8,5.16,15.27,1.81,5.4,0.72,2.22,0.0,0.0,10,0,0
2019,ravens,13.67,22.3,3.27,4.1,10.23,9.21,3.64,6.97,6.53,10.76,2.63,5.26,16.14,10.73,0.03,0.0,14,1,0
2005,bills,0.27,10.46,11.32,3.8,1.73,9.02,0.92,0.77,10.4,8.01,2.35,4.22,5.35,0.44,0.0,0.0,5,0,0
2006,bills,5.4,14.89,12.01,5.64,1.94,5.69,0.6,0.81,12.02,3.41,1.78,4.03,13.53,0.0,0.16,0.0,7,0,0
2007,bills,3.13,7.14,1.44,16.24,1.85,3.18,1.55,8.02,2.77,4.18,4.46,5.56,3.85,2.52,0.42,0.0,7,0,0
2008,bills,3.63,6.69,4.11,13.23,10.75,15.07,0.99,7.13,6.74,3.88,2.31,3.47,3.93,10.85,0.48,0.0,7,0,0
2009,bills,5.84,8.93,1.18,15.02,10.55,13.44,1.52,9.76,4.25,3.09,3.38,2.82,6.85,4.0,0.43,0.0,6,0,0
2010,bills,6.63,10.82,7.92,15.71,13.37,10.64,2.0,6.28,3.72,3.3,4.51,3.12,9.67,1.25,0.29,0.0,4,0,0
2011,bills,4.1,9.65,9.7,7.76,13.87,7.83,2.33,2.89,2.74,5.85,6.59,2.96,8.25,18.48,0.0,0.0,6,0,0
2012,bills,5.11,8.78,5.98,17.68,13.87,9.41,3.29,5.67,4.2,7.84,6.21,3.06,0.45,25.57,0.0,0.0,6,0,0
2013,bills,7.89,5.06,0.21,13.81,12.41,6.71,3.71,6.89,3.94,3.67,5.73,1.75,0.1,2.23,0.29,0.0,6,0,0
2014,bills,6.55,6.64,3.33,20.68,9.17,4.66,2.18,8.21,4.54,4.07,7.55,2.58,0.61,5.64,0.65,0.0,9,0,0
2015,bills,6.91,8.48,1.07,22.59,11.53,8.66,4.18,7.34,2.32,2.54,5.29,2.92,0.27,21.94,0.0,0.0,8,0,0
2016,bills,9.13,9.57,2.34,7.57,14.37,8.24,5.03,6.15,6.09,6.55,6.53,2.69,0.92,11.22,1.03,0.19,7,0,0
2017,bills,7.33,4.14,1.54,11.85,12.81,7.39,6.84,10.73,11.0,6.61,7.08,2.95,17.29,12.39,0.0,0.0,9,0,0
2018,bills,6.89,2.29,1.31,13.22,7.24,1.62,5.36,5.12,1.98,2.64,6.68,2.39,0.0,2.77,0.0,0.0,6,0,0
2019,bills,6.89,3.75,2.63,16.12,10.81,10.26,7.43,11.42,4.91,4.5,4.14,3.21,8.4,2.53,0.0,0.0,10,0,0
2005,panthers,0.05,1.49,1.24,13.3,0.79,6.83,0.37,1.33,3.45,7.18,0.81,2.64,2.7,0.67,0.09,0.0,11,2,0
2006,panthers,0.91,2.27,1.3,16.16,2.89,7.71,0.74,2.99,3.52,5.35,1.6,2.45,0.72,0.25,0.08,0.0,8,0,0
2007,panthers,0.92,2.56,2.68,16.61,2.84,9.16,0.67,3.19,2.47,10.86,1.5,2.9,3.32,1.06,0.21,0.0,7,0,0
2008,panthers,1.65,5.17,5.64,16.01,5.86,10.76,1.08,6.06,10.46,12.29,3.6,3.16,6.92,0.32,0.32,0.0,12,1,0
2009,panthers,2.93,7.72,6.26,19.36,7.29,10.24,2.02,5.46,7.3,9.13,4.9,3.14,1.42,2.78,0.14,0.0,8,0,0
2010,panthers,3.56,8.05,6.19,7.54,8.7,9.67,2.85,6.7,8.89,16.01,5.01,3.7,19.97,0.0,0.0,0.0,2,0,0
2011,panthers,3.41,8.98,7.29,16.68,3.41,10.91,5.79,14.94,10.51,4.46,8.88,4.5,2.73,1.44,0.0,0.0,6,0,0
2012,panthers,5.78,10.57,8.87,17.71,6.5,9.77,3.85,9.81,11.66,5.31,11.17,3.09,5.08,25.62,0.0,0.0,7,0,0
2013,panthers,5.26,5.97,7.21,17.46,4.91,9.25,3.84,11.81,2.8,5.91,7.37,3.23,14.6,15.25,0.06,0.0,12,1,0
2014,panthers,3.21,1.57,3.28,22.58,4.68,3.06,7.08,9.19,2.91,6.3,8.04,2.4,0.41,9.46,3.34,0.0,7,1,0
2015,panthers,5.63,3.57,5.34,23.2,4.56,8.77,6.15,11.29,3.28,10.33,9.6,3.23,10.29,5.89,0.04,0.0,15,3,0
2016,panthers,4.01,3.03,4.36,13.69,6.71,5.93,5.28,10.14,6.37,14.11,8.57,5.0,8.34,17.12,0.0,0.0,6,0,0
2017,panthers,4.37,3.92,7.65,16.52,11.47,5.79,8.86,9.9,4.97,12.8,6.31,4.49,6.75,4.93,0.0,5.59,11,0,0
2018,panthers,5.89,6.17,5.52,13.96,14.36,8.12,5.2,13.15,7.54,12.32,5.5,3.45,6.93,18.58,0.0,0.0,7,0,0
2019,panthers,5.32,5.57,6.17,24.16,8.49,5.96,5.06,7.22,7.57,12.68,3.31,3.45,7.55,26.76,0.06,0.0,5,0,0
2005,bears,0.66,1.93,7.2,9.63,4.49,6.72,0.0,0.58,0.0,2.53,6.08,0.21,0.18,0.21,0.0,0.0,11,1,0
2006,bears,0.96,1.66,6.79,8.15,3.93,9.28,0.0,1.67,1.47,2.04,6.27,0.34,2.91,0.0,0.0,0.0,13,3,0
2007,bears,1.27,7.83,7.05,14.94,5.86,6.61,0.97,1.8,0.01,3.2,4.74,0.4,1.48,3.0,0.0,0.0,7,0,0
2008,bears,1.75,13.46,6.58,12.69,8.13,7.09,1.75,4.72,0.05,4.33,4.13,2.26,6.45,4.5,0.0,0.0,9,0,0
2009,bears,3.17,8.77,9.25,15.4,9.88,4.7,2.68,3.31,8.78,10.26,4.95,2.36,4.02,6.68,0.0,0.0,7,0,0
2010,bears,5.36,10.34,10.05,20.7,8.15,8.22,5.86,3.74,2.18,8.68,7.13,2.26,5.88,0.19,0.0,0.0,11,2,0
2011,bears,6.74,6.53,11.47,10.11,8.39,7.8,3.91,9.41,3.1,7.81,3.49,4.76,5.49,0.0,0.0,0.0,8,0,0
2012,bears,3.05,8.9,10.76,19.62,4.52,16.16,4.04,8.73,1.23,11.31,8.22,4.71,1.09,8.95,0.0,0.0,10,0,0
2013,bears,3.25,12.22,1.67,21.38,10.64,13.95,3.53,7.12,1.85,8.75,7.82,4.89,4.77,14.63,0.03,0.0,8,0,0
2014,bears,3.82,9.47,2.78,22.8,3.09,10.92,5.91,11.87,1.53,14.57,8.21,3.42,13.74,23.38,0.3,0.0,5,0,0
2015,bears,5.97,4.84,1.29,15.17,2.12,8.74,5.09,11.11,0.94,11.49,7.82,2.96,2.07,13.49,0.0,0.0,6,0,0
2016,bears,1.82,6.67,7.62,19.6,2.22,14.65,2.89,10.76,5.0,12.87,1.34,1.12,0.29,39.34,0.0,0.0,3,0,0
2017,bears,4.06,11.13,8.5,18.82,1.39,9.94,5.76,10.65,8.0,13.3,1.68,2.58,7.59,25.15,0.0,0.0,5,0,0
2018,bears,2.2,9.93,6.46,20.55,2.36,14.05,8.41,7.39,6.6,5.73,1.48,3.21,0.21,6.35,0.0,0.0,12,0,0
2019,bears,3.32,16.96,7.83,11.39,8.68,15.25,7.14,5.84,4.57,7.33,1.91,3.6,5.36,16.12,0.0,0.0,8,0,0
2005,bengals,1.18,3.02,7.83,6.47,0.84,9.58,2.11,4.47,3.32,9.94,8.7,1.52,1.62,0.65,0.18,0.0,11,0,0
2006,bengals,3.87,5.64,7.22,6.69,1.31,12.03,1.91,5.31,7.61,13.32,5.43,1.75,1.33,0.58,0.24,0.0,8,0,0
2007,bengals,3.38,5.8,5.06,15.44,1.22,9.4,2.39,5.01,7.16,13.48,6.24,1.43,1.63,0.83,0.17,0.0,7,0,0
2008,bengals,2.86,3.38,2.65,10.57,3.06,10.99,5.25,10.45,7.68,13.14,3.27,1.14,3.64,1.4,0.13,0.0,4,0,0
2009,bengals,3.98,3.59,3.62,11.36,5.76,15.07,5.62,6.11,11.3,12.01,5.25,2.62,11.59,6.69,0.21,0.0,10,0,0
2010,bengals,6.6,5.2,2.66,14.12,8.16,16.61,2.82,7.6,4.94,10.92,3.93,1.18,2.25,8.05,0.11,0.0,4,0,0
2011,bengals,4.35,14.87,4.59,12.54,6.76,6.9,3.27,12.36,6.73,2.18,3.79,1.37,3.31,2.5,0.21,0.0,9,0,0
2012,bengals,6.3,19.2,3.47,14.14,6.38,6.18,2.18,12.64,7.08,2.64,3.61,4.5,0.16,14.0,0.57,0.0,10,0,0
2013,bengals,4.66,11.59,3.48,20.13,11.44,6.81,3.27,9.09,6.67,2.04,4.27,4.18,0.0,18.91,0.31,0.0,11,0,0
2014,bengals,4.76,12.65,5.29,14.91,12.28,7.8,5.6,10.13,5.16,7.76,3.0,3.17,3.57,7.07,0.49,0.0,10,0,0
2015,bengals,4.98,11.8,7.66,13.49,10.82,12.73,2.26,10.24,6.97,6.84,2.67,3.69,3.13,3.26,0.0,0.0,12,0,0
2016,bengals,6.33,12.73,6.53,11.02,10.74,10.95,2.41,9.02,7.49,8.73,4.66,2.52,0.44,18.67,0.0,0.0,6,0,0
2017,bengals,5.9,13.28,4.76,13.68,7.01,14.03,4.1,7.6,2.44,9.72,4.38,2.88,0.67,16.36,0.0,0.0,7,0,0
2018,bengals,3.5,12.03,4.43,15.82,9.45,11.69,4.84,5.17,8.92,9.07,3.24,2.51,0.0,31.26,0.0,0.0,6,0,0
2019,bengals,3.62,11.87,0.84,8.56,9.12,14.62,6.05,7.33,9.6,8.86,3.96,2.9,1.63,18.18,0.0,0.0,2,0,0
2005,browns,2.23,0.4,2.79,12.3,0.02,3.77,4.54,1.72,3.52,9.33,2.12,1.24,12.15,0.0,0.09,0.0,6,0,0
2006,browns,2.26,1.61,9.55,4.76,5.37,10.2,3.13,1.38,4.79,2.86,2.13,2.28,6.04,0.0,0.0,0.0,4,0,0
2007,browns,2.15,1.71,8.74,3.57,6.69,6.73,4.17,5.37,6.44,3.97,7.9,2.6,7.76,2.74,0.0,0.0,10,0,0
2008,browns,4.39,2.6,8.95,2.24,8.01,9.46,5.44,11.56,14.11,4.71,7.79,2.71,1.14,5.98,0.26,0.0,4,0,0
2009,browns,5.63,1.37,2.81,1.85,15.37,9.91,1.2,10.04,9.74,8.58,6.07,2.72,4.51,5.51,0.21,0.0,5,0,0
2010,browns,5.38,6.98,8.99,4.57,11.87,6.06,2.58,10.68,12.4,9.78,0.94,2.31,10.09,0.0,0.2,0.0,5,0,0
2011,browns,5.36,10.92,10.35,1.77,4.37,5.45,6.87,10.61,14.5,3.13,2.97,3.6,4.23,1.74,0.14,0.0,4,0,0
2012,browns,4.12,18.48,15.69,6.13,13.23,6.57,5.96,7.1,13.11,3.74,6.47,4.59,5.83,14.55,0.0,0.0,5,0,0
2013,browns,1.8,7.92,5.72,17.23,7.43,4.02,1.42,7.78,9.95,3.03,1.58,1.74,0.32,2.92,7.89,0.0,4,0,0
2014,browns,4.0,11.73,7.41,12.95,7.67,7.26,2.98,9.4,10.31,4.58,6.36,1.23,13.02,11.9,0.34,0.0,7,0,0
2015,browns,6.6,15.2,5.71,16.85,1.32,8.61,2.94,8.53,8.21,4.4,1.03,1.81,0.51,17.48,0.0,0.35,3,0,0
2016,browns,1.55,13.31,3.15,4.69,3.02,4.47,2.03,5.07,6.76,6.34,1.64,1.54,1.6,4.98,0.0,0.92,1,0,0
2017,browns,1.59,3.52,3.79,10.47,2.25,2.25,1.5,12.72,7.15,1.03,2.04,2.35,0.02,14.75,0.23,0.0,0,0,0
2018,browns,2.49,10.51,0.9,14.49,2.11,11.31,2.89,11.82,4.43,10.95,3.24,1.6,10.94,5.76,0.0,0.04,7,0,0
2019,browns,7.37,9.26,5.33,14.12,5.15,15.48,3.31,11.64,6.64,4.86,2.71,0.78,13.16,7.01,0.0,2.92,6,0,0
2005,cowboys,4.59,4.67,5.74,6.62,0.29,4.93,2.99,1.4,9.36,3.76,1.36,0.89,3.67,0.0,0.0,0.0,9,0,0
2006,cowboys,5.28,4.14,7.12,5.85,0.63,9.98,2.85,3.3,9.18,6.86,1.48,0.84,3.76,3.53,0.12,0.0,9,0,0
2007,cowboys,6.4,4.59,7.88,7.23,1.89,15.0,3.34,5.12,10.46,10.56,2.09,1.7,1.19,0.0,0.14,0.0,13,1,0
2008,cowboys,8.93,5.99,8.81,8.5,2.42,11.1,4.72,6.61,5.93,6.39,3.73,2.14,0.69,7.97,0.16,0.0,9,0,0
2009,cowboys,11.53,4.08,6.71,16.32,2.1,17.03,4.63,6.41,8.06,4.77,2.63,2.73,14.08,0.35,0.14,0.0,11,1,0
2010,cowboys,7.91,13.93,7.64,20.9,3.34,25.99,5.52,8.53,15.75,13.0,8.6,2.75,17.43,2.49,0.22,0.0,6,0,0
2011,cowboys,4.49,10.33,5.51,11.57,4.44,8.16,7.56,7.04,5.28,7.44,1.95,3.38,10.11,0.0,0.07,0.0,8,0,0
2012,cowboys,4.93,9.49,3.48,22.57,7.01,7.99,7.58,5.92,6.63,8.26,2.83,2.34,9.12,0.42,0.0,0.0,8,0,0
2013,cowboys,5.61,12.33,2.57,26.99,4.47,6.32,4.99,8.02,9.76,11.52,1.88,1.75,13.55,23.05,0.01,0.0,8,0,0
2014,cowboys,2.78,15.89,2.07,10.82,2.51,4.23,7.44,5.25,10.74,9.22,2.11,2.5,0.36,10.27,0.0,0.0,12,1,0
2015,cowboys,3.54,16.25,2.47,14.34,0.94,7.67,5.64,5.71,6.08,11.46,2.2,3.1,1.77,24.11,0.0,0.0,4,0,0
2016,cowboys,5.27,13.1,2.34,13.85,2.18,12.38,5.96,5.47,7.71,15.16,5.64,3.71,1.1,2.98,0.0,1.56,13,1,0
2017,cowboys,2.03,9.0,2.25,17.78,4.56,15.55,9.87,6.42,9.16,7.96,5.52,4.12,15.75,10.87,0.04,0.15,9,0,0
2018,cowboys,3.18,5.21,3.23,23.97,4.46,15.01,1.7,9.74,14.31,5.99,4.35,2.0,17.59,10.97,0.0,0.0,10,1,0
2019,cowboys,2.68,5.82,2.69,18.06,8.06,12.1,2.79,15.3,10.98,1.38,3.49,1.6,0.33,11.14,0.0,0.08,8,0,0
2005,broncos,3.18,7.49,2.05,1.17,2.92,8.23,0.53,1.0,2.46,4.11,1.42,2.36,2.78,0.0,0.09,0.0,13,2,0
2006,broncos,4.25,12.88,1.51,3.84,2.13,15.95,0.51,2.26,1.81,8.73,1.64,3.35,3.45,0.0,0.0,0.0,9,0,0
2007,broncos,3.45,6.47,1.78,6.41,0.91,8.67,3.28,1.34,1.62,10.84,5.03,4.1,15.11,4.44,0.0,0.0,7,0,0
2008,broncos,1.4,12.09,5.07,2.47,7.21,12.05,4.18,1.27,3.32,4.74,2.98,1.27,15.12,4.36,0.16,0.0,8,0,0
2009,broncos,3.42,14.26,8.61,3.66,6.27,9.73,7.32,1.92,3.07,5.03,3.57,1.83,7.57,0.0,0.04,0.0,8,0,0
2010,broncos,3.65,21.75,8.44,7.84,4.85,12.35,8.01,3.84,3.5,4.34,10.62,1.59,5.51,0.0,0.17,0.0,4,0,0
2011,broncos,3.89,12.11,7.88,17.25,8.89,4.07,3.68,4.4,3.61,1.92,4.51,2.66,8.91,0.0,0.0,0.0,8,1,0
2012,broncos,6.16,16.7,11.75,20.76,6.25,6.06,3.68,8.16,5.28,16.39,6.28,2.74,6.7,9.76,0.0,0.0,13,1,0
2013,broncos,5.63,11.51,7.51,11.33,4.49,6.78,5.69,8.87,10.76,13.38,3.96,4.58,8.41,17.55,0.03,0.0,13,2,0
2014,broncos,5.82,12.23,2.81,15.47,4.53,14.14,3.26,11.6,8.74,13.67,3.05,3.86,7.06,3.23,0.5,0.0,12,1,0
2015,broncos,8.15,8.64,2.33,17.77,3.04,15.4,5.59,8.38,9.46,12.78,1.68,3.01,4.09,2.85,0.0,0.0,12,4,1
2016,broncos,7.66,14.6,4.2,22.72,1.95,16.05,4.63,3.31,8.02,4.55,5.56,1.98,9.82,12.54,0.0,0.0,9,0,0
2017,broncos,5.49,14.47,5.13,22.64,2.08,14.88,2.85,8.06,6.05,2.33,3.63,1.99,0.28,17.12,0.0,0.0,5,0,0
2018,broncos,4.83,12.57,6.87,20.03,2.24,7.72,1.57,9.29,5.31,8.34,1.04,2.41,0.34,20.96,0.0,0.0,6,0,0
2019,broncos,5.91,11.65,3.63,25.14,1.84,2.2,4.0,7.05,6.41,3.49,2.45,2.85,0.21,19.8,0.0,3.08,7,0,0
2005,lions,0.0,4.47,1.56,4.55,21.09,10.57,1.95,2.43,4.21,12.65,1.17,3.16,0.18,0.0,0.0,0.0,5,0,0
2006,lions,0.83,1.19,3.56,8.23,4.47,6.91,3.54,2.92,6.27,12.56,1.61,2.87,10.01,0.0,0.16,0.0,3,0,0
2007,lions,1.87,4.57,4.67,8.5,3.7,25.93,2.74,3.93,5.9,4.54,3.81,3.59,13.39,9.21,0.0,0.0,7,0,0
2008,lions,1.8,7.5,3.44,7.24,1.88,7.9,3.72,4.89,6.94,5.41,4.41,3.83,6.35,2.55,0.0,0.0,0,0,0
2009,lions,2.9,10.1,8.9,12.07,1.81,12.9,4.4,7.35,9.26,9.27,2.57,3.55,16.51,1.58,0.14,0.0,2,0,0
2010,lions,2.6,3.77,6.59,9.61,7.56,17.72,5.77,9.34,15.19,13.03,3.43,4.06,5.11,0.19,0.0,0.0,6,0,0
2011,lions,3.57,6.36,3.82,9.26,16.85,20.26,4.64,10.29,9.1,7.43,6.39,4.18,0.89,0.47,0.0,0.0,10,0,0
2012,lions,4.73,9.91,2.45,20.01,13.35,17.48,4.94,11.8,8.54,9.61,3.21,3.99,0.59,15.98,0.0,0.0,4,0,0
2013,lions,4.62,4.22,4.32,15.55,12.54,14.59,6.07,7.37,4.43,17.59,4.21,1.38,12.09,10.64,0.06,0.0,7,0,0
2014,lions,3.97,3.13,4.96,13.65,20.78,14.1,4.0,5.48,3.77,12.88,4.6,1.18,0.54,7.29,0.28,0.0,11,0,0
2015,lions,6.48,6.25,5.36,12.41,15.89,18.08,5.38,4.74,3.06,12.95,6.35,1.92,14.69,10.33,0.0,0.0,7,0,0
2016,lions,8.0,5.85,2.39,14.49,5.65,19.88,4.98,4.27,7.15,15.01,3.57,3.45,15.66,5.68,0.0,0.0,9,0,0
2017,lions,6.54,11.59,2.08,17.95,7.91,11.54,3.52,6.57,8.45,10.25,3.3,5.85,6.43,11.86,0.0,0.0,9,0,0
2018,lions,8.65,7.97,2.31,19.75,6.69,9.08,2.79,10.01,5.41,15.13,4.91,3.78,13.56,22.74,0.0,0.0,6,0,0
2019,lions,5.37,13.05,4.29,8.77,7.96,8.95,3.69,6.34,9.08,16.45,3.21,3.34,7.75,34.93,0.02,0.0,3,0,0
2005,packers,15.23,1.99,5.69,2.06,4.45,6.07,3.18,0.97,3.95,13.2,7.12,2.75,5.15,0.17,0.18,0.0,4,0,0
2006,packers,10.15,1.76,2.37,9.38,9.04,6.77,3.23,5.55,5.3,14.08,3.43,0.76,7.93,0.3,0.0,0.0,8,0,0
2007,packers,5.52,3.08,8.43,11.16,4.65,5.48,3.06,4.07,5.9,12.3,2.02,0.76,3.22,0.4,0.14,0.0,13,2,0
2008,packers,6.43,1.63,10.5,13.68,4.17,5.42,4.15,3.46,6.76,13.99,4.62,0.8,3.0,3.33,0.16,0.0,6,0,0
2009,packers,10.66,3.51,12.95,17.04,6.26,12.76,2.59,5.78,7.02,9.69,5.63,0.7,1.32,0.25,0.35,0.0,11,0,0
2010,packers,19.5,9.31,9.57,14.6,11.3,13.44,3.39,5.82,7.93,6.2,6.76,1.93,1.42,6.5,0.07,0.0,10,4,1
2011,packers,12.02,8.2,2.8,12.04,8.22,14.86,2.49,7.71,7.48,7.02,4.51,2.69,2.46,0.0,0.16,0.0,15,1,0
2012,packers,13.89,8.75,2.55,13.68,11.94,15.5,3.64,10.19,3.58,7.51,2.65,3.37,3.88,9.42,0.08,0.0,11,1,0
2013,packers,4.2,10.65,3.53,13.68,12.0,7.63,8.78,9.22,4.78,9.71,2.07,3.24,2.35,12.77,0.01,0.0,8,0,0
2014,packers,5.51,13.58,4.49,21.71,5.49,6.69,2.06,9.8,4.73,13.58,2.21,3.86,3.81,3.03,0.47,0.0,12,2,0
2015,packers,8.08,7.87,1.92,25.99,4.79,8.31,2.21,10.08,3.91,13.16,2.68,3.89,3.53,7.42,0.02,0.0,10,1,0
2016,packers,8.03,8.84,1.16,23.99,5.39,12.57,2.39,5.89,7.78,12.28,3.14,2.37,2.83,9.25,0.0,0.0,10,2,0
2017,packers,7.96,5.48,1.17,17.51,7.38,18.11,3.97,6.86,9.77,12.26,1.81,3.45,6.86,23.3,0.0,0.0,7,0,0
2018,packers,1.47,5.81,2.51,21.68,1.7,14.9,5.66,6.9,11.49,12.19,0.88,3.48,0.04,20.18,0.0,0.0,6,0,0
2019,packers,4.97,6.88,1.9,12.53,1.8,8.21,8.11,10.47,12.94,15.35,1.11,3.08,0.23,4.55,0.0,0.0,13,2,0
2005,texans,1.03,2.59,0.4,3.46,0.83,4.34,0.29,1.09,4.81,8.87,0.49,0.0,0.61,0.0,0.0,0.0,2,0,0
2006,texans,0.14,3.02,1.72,5.45,1.25,13.64,0.36,0.55,3.24,8.75,0.88,0.0,0.1,0.0,0.17,0.0,6,0,0
2007,texans,1.25,4.27,2.24,5.16,3.02,9.95,0.71,0.78,4.2,9.17,5.28,0.0,10.92,0.5,0.0,0.0,8,0,0
2008,texans,1.29,9.41,1.62,7.43,3.34,10.33,0.84,3.79,4.23,6.56,4.99,0.0,1.81,1.63,0.0,0.0,8,0,0
2009,texans,0.99,12.02,4.14,10.58,3.97,11.12,3.01,4.2,6.26,11.17,3.32,0.0,3.75,3.11,0.07,0.0,9,0,0
2010,texans,3.03,6.79,12.42,19.95,5.23,14.29,4.19,6.81,6.81,8.82,2.41,2.21,1.68,0.84,0.22,0.0,6,0,0
2011,texans,4.67,13.0,5.4,22.0,4.75,12.23,5.77,7.92,7.75,10.24,2.87,2.47,3.54,2.57,0.08,0.0,10,1,0
2012,texans,6.86,9.46,12.53,14.84,4.8,10.74,5.01,8.55,8.06,11.39,8.19,2.31,13.74,7.21,0.15,0.0,12,1,0
2013,texans,7.95,13.4,6.28,15.15,0.68,13.97,5.68,9.38,5.56,9.33,8.01,1.97,5.38,31.31,0.07,0.0,2,0,0
2014,texans,2.71,12.63,5.73,11.4,1.18,14.77,3.27,8.14,9.25,3.65,6.91,2.6,0.47,8.96,0.33,0.0,9,0,0
2015,texans,3.66,15.43,8.18,17.99,2.4,4.32,3.68,4.26,11.27,4.28,7.36,2.4,0.42,14.88,0.0,0.0,9,0,0
2016,texans,3.52,12.68,8.91,19.9,4.31,4.02,1.28,8.01,11.64,9.17,5.0,2.43,0.06,17.87,0.02,0.0,9,1,0
2017,texans,6.38,11.92,5.83,18.33,0.7,13.16,6.16,6.1,5.54,2.2,5.38,1.98,1.74,25.07,0.0,0.0,4,0,0
2018,texans,11.37,11.74,6.57,21.44,0.72,13.63,3.42,10.37,3.43,2.45,4.93,1.4,8.23,8.66,0.0,0.0,11,0,0
2019,texans,5.17,13.67,4.4,21.82,2.42,12.89,1.99,11.71,4.04,3.73,6.15,2.35,12.71,11.62,0.0,0.0,10,1,0
2005,colts,1.05,2.33,2.28,3.4,1.34,12.66,6.14,4.3,0.0,8.56,16.84,0.02,8.51,0.0,0.0,0.0,14,1,0
2006,colts,1.41,2.95,5.28,8.7,5.49,16.9,2.65,5.66,0.05,8.77,3.93,1.99,0.39,0.65,0.08,0.0,12,4,1
2007,colts,3.65,3.16,4.48,10.27,3.23,21.13,2.65,7.5,0.95,10.74,2.51,2.25,6.28,1.66,0.21,0.0,13,1,0
2008,colts,9.18,3.73,5.4,12.64,5.97,18.68,4.24,7.49,1.11,19.08,2.08,2.03,6.36,1.63,0.16,0.0,12,0,0
2009,colts,4.23,14.91,3.96,16.1,1.01,12.74,7.83,6.0,3.98,20.21,2.62,2.45,5.64,8.41,0.07,0.0,14,3,0
2010,colts,11.32,13.66,4.74,19.62,3.44,9.34,8.97,8.94,0.61,16.85,5.05,3.0,2.94,12.38,0.22,0.0,10,0,0
2011,colts,9.42,3.06,5.06,21.76,3.43,10.74,8.43,5.39,2.94,16.14,7.13,2.55,2.39,2.88,0.08,0.0,2,0,0
2012,colts,11.45,7.01,6.18,25.26,3.6,6.17,7.33,4.2,5.06,13.46,6.68,4.07,29.96,8.26,0.0,0.0,11,0,0
2013,colts,11.5,6.52,3.06,18.09,5.74,10.22,1.85,8.6,9.91,6.79,5.65,5.46,0.64,0.09,14.77,0.0,11,1,0
2014,colts,8.25,9.56,4.81,18.08,9.1,9.15,2.09,6.72,5.61,7.33,2.99,4.33,6.03,0.37,9.92,0.0,11,2,0
2015,colts,7.57,13.26,6.55,19.71,6.2,9.06,2.73,5.94,6.71,7.4,4.11,4.75,9.28,13.73,0.0,0.0,8,0,0
2016,colts,5.04,8.61,3.81,14.97,2.57,9.08,6.87,5.97,7.17,12.39,3.51,4.2,0.0,10.27,0.15,2.77,8,0,0
2017,colts,4.24,2.49,1.95,11.77,8.82,8.89,5.69,2.88,8.71,12.61,3.84,1.85,0.0,22.02,0.0,0.0,4,0,0
2018,colts,3.72,2.89,0.96,9.85,5.61,11.53,7.1,6.57,8.0,13.31,2.09,2.16,6.56,7.8,0.0,0.0,10,1,0
2019,colts,4.11,9.59,0.96,12.09,5.3,13.49,6.05,6.59,5.9,13.15,1.6,3.6,10.25,12.29,0.01,0.0,7,0,0
2005,jaguars,8.29,2.69,5.73,1.66,10.53,4.31,0.0,3.57,0.69,3.79,4.82,1.16,0.53,0.0,0.0,0.0,12,0,0
2006,jaguars,7.51,9.37,5.67,2.56,11.25,4.3,0.97,4.89,3.09,7.8,5.86,1.16,0.19,2.14,0.08,0.0,8,0,0
2007,jaguars,1.78,7.25,11.47,5.35,7.04,5.61,1.14,7.29,3.29,3.07,6.7,2.96,2.71,3.04,0.0,0.0,11,1,0
2008,jaguars,2.24,15.78,8.66,6.94,4.6,9.39,1.28,6.05,5.21,14.48,5.62,2.08,5.17,12.08,0.08,0.0,5,0,0
2009,jaguars,3.88,8.73,3.4,12.26,3.49,8.78,1.69,5.72,7.84,9.03,5.51,2.63,8.72,3.46,0.14,0.0,7,0,0
2010,jaguars,1.43,7.53,6.73,9.91,3.26,3.65,2.35,9.09,6.11,10.0,6.71,3.69,5.84,0.63,0.15,0.0,8,0,0
2011,jaguars,3.14,7.11,5.35,11.41,2.53,4.19,3.39,6.72,3.2,2.94,5.45,2.18,2.43,1.98,0.18,0.0,5,0,0
2012,jaguars,6.36,10.71,5.56,24.72,3.6,10.12,8.58,10.23,5.65,5.01,8.08,3.01,8.75,20.49,0.14,0.0,2,0,0
2013,jaguars,2.1,2.15,0.28,15.44,3.13,4.74,4.93,9.16,0.79,5.8,6.18,2.99,0.53,9.56,2.23,0.0,4,0,0
2014,jaguars,3.28,3.56,2.93,27.47,5.12,5.8,7.21,11.0,2.91,7.57,3.84,3.6,14.32,10.7,0.35,1.89,3,0,0
2015,jaguars,3.48,5.41,0.46,25.21,6.22,4.37,9.88,9.3,5.6,4.9,3.68,2.25,5.64,9.97,0.0,1.31,5,0,0
2016,jaguars,3.96,8.8,0.35,15.04,11.79,7.03,6.54,5.34,6.78,5.71,3.29,1.76,0.23,18.5,0.0,0.0,3,0,0
2017,jaguars,8.6,6.87,0.33,15.13,13.59,6.93,5.28,7.36,4.96,4.95,6.85,1.99,5.49,3.96,0.0,0.0,10,2,0
2018,jaguars,7.87,13.5,1.49,16.88,15.91,8.67,3.73,9.03,4.71,5.42,7.79,1.39,10.11,18.05,0.0,0.0,5,0,0
2019,jaguars,4.21,14.79,4.15,14.7,8.57,7.38,3.57,12.95,3.23,14.24,5.25,1.61,18.01,15.7,0.01,0.0,6,0,0
2005,chiefs,1.06,0.32,3.05,0.5,6.14,0.67,6.42,9.78,0.95,1.38,7.15,0.82,2.34,0.0,0.0,0.0,10,0,0
2006,chiefs,2.43,0.7,2.69,1.69,5.09,1.03,6.09,4.9,1.37,0.58,4.07,0.9,0.97,0.0,0.0,0.0,9,0,0
2007,chiefs,1.89,0.67,5.7,4.31,5.88,3.95,4.9,5.75,1.83,0.71,9.56,0.57,7.4,4.2,0.14,0.0,4,0,0
2008,chiefs,1.69,2.14,6.86,8.53,2.06,3.83,5.04,6.73,5.47,0.81,8.67,2.08,3.9,0.76,0.39,0.0,2,0,0
2009,chiefs,2.31,1.51,8.74,8.93,1.81,3.19,6.55,4.55,2.09,13.27,5.62,1.69,14.14,1.16,0.07,0.0,4,0,0
2010,chiefs,3.93,2.59,13.22,12.1,2.51,2.59,1.84,7.07,3.56,12.1,12.14,2.18,5.78,0.55,0.07,0.0,10,0,0
2011,chiefs,6.01,6.27,5.15,18.39,0.27,6.03,1.45,2.61,3.64,11.35,6.58,2.5,0.38,0.52,0.14,0.0,7,0,0
2012,chiefs,8.86,18.12,6.29,31.8,2.42,14.94,4.12,5.12,6.59,8.27,8.29,4.56,5.02,20.81,0.0,0.0,2,0,0
2013,chiefs,9.84,9.23,3.31,21.06,1.97,5.19,2.55,4.48,10.73,8.66,4.9,2.82,0.14,1.82,0.07,0.0,11,0,0
2014,chiefs,11.64,5.71,5.38,20.43,2.79,13.0,4.15,3.75,5.31,6.54,8.54,3.58,0.31,10.96,8.64,0.0,9,0,0
2015,chiefs,9.55,7.13,5.72,14.37,2.46,4.11,1.52,4.92,6.35,14.69,6.55,3.25,0.65,8.9,0.65,0.0,11,1,0
2016,chiefs,9.58,3.96,5.32,23.19,4.04,10.24,3.11,6.64,7.02,12.87,5.21,3.81,8.91,14.12,0.0,0.0,12,1,0
2017,chiefs,7.49,4.97,3.46,26.81,4.73,3.09,4.09,5.35,9.62,12.47,2.44,4.6,0.3,10.35,0.0,0.0,10,0,0
2018,chiefs,13.17,4.42,5.2,24.46,1.97,10.16,7.41,7.35,12.58,5.6,3.22,1.72,12.66,5.59,0.0,0.0,12,2,0
2019,chiefs,7.52,4.66,4.68,9.11,3.65,13.63,6.73,5.97,9.46,4.86,3.15,2.86,0.26,5.19,0.0,0.0,12,4,1
2005,raiders,0.54,6.11,4.35,0.01,6.74,8.31,0.37,2.6,3.83,6.88,0.61,2.68,8.98,0.0,0.0,0.0,4,0,0
2006,raiders,2.92,4.15,2.39,0.03,10.58,13.26,0.43,4.29,5.64,4.46,0.93,3.56,7.73,0.0,0.08,0.0,2,0,0
2007,raiders,5.0,5.57,2.05,0.85,11.43,8.0,0.58,5.66,7.77,8.13,3.18,3.85,5.66,5.9,0.0,0.0,4,0,0
2008,raiders,5.27,13.88,3.5,1.03,9.68,10.24,3.23,3.61,8.34,4.75,5.5,4.59,10.32,2.44,0.08,0.0,5,0,0
2009,raiders,9.57,9.51,7.21,1.44,14.37,7.03,0.84,2.84,10.94,11.99,4.6,5.19,8.29,6.73,0.14,0.33,5,0,0
2010,raiders,4.9,15.86,5.66,4.04,21.72,10.65,1.01,3.13,6.18,21.66,8.42,7.1,34.12,1.02,0.0,0.0,8,0,0
2011,raiders,3.77,7.96,6.34,5.19,15.48,11.98,4.09,3.28,4.35,6.77,12.14,7.29,0.08,0.23,3.1,0.0,8,0,0
2012,raiders,9.14,12.63,4.61,12.56,14.34,10.14,1.92,4.62,3.22,3.07,9.48,9.17,17.72,11.04,0.0,0.0,4,0,0
2013,raiders,7.91,5.82,8.64,8.16,17.96,8.04,2.8,4.87,3.75,10.87,9.22,5.2,43.32,7.16,0.26,0.0,4,0,0
2014,raiders,14.76,8.91,5.6,16.3,3.03,6.53,1.66,6.37,9.89,9.51,5.37,3.6,13.6,21.44,0.3,0.0,3,0,0
2015,raiders,13.85,3.44,6.57,13.86,7.88,8.34,3.25,9.96,10.62,2.25,3.1,4.21,10.94,15.15,0.0,1.98,7,0,0
2016,raiders,7.88,11.78,3.52,17.61,5.59,11.52,3.61,13.59,8.82,2.75,1.74,6.05,5.43,4.98,0.0,2.38,12,0,0
2017,raiders,6.44,13.23,1.46,11.49,1.98,12.44,4.52,18.62,6.98,9.8,2.29,4.09,2.52,8.99,0.0,0.0,6,0,0
2018,raiders,5.94,5.94,0.5,5.81,6.86,10.04,6.24,13.52,5.62,14.02,3.9,1.88,0.42,18.32,0.0,0.0,4,0,0
2019,raiders,10.9,6.25,1.13,9.97,6.5,10.3,3.52,11.15,11.53,13.39,3.95,0.92,12.15,14.72,0.05,0.9,7,0,0
2005,chargers,4.16,2.06,1.78,3.15,0.0,2.12,3.67,1.7,0.06,18.71,10.25,1.65,2.13,0.0,0.09,0.0,9,0,0
2006,chargers,7.74,3.8,2.13,3.85,0.01,2.01,6.33,7.6,0.64,8.73,7.95,2.6,2.02,0.0,0.0,0.0,14,1,0
2007,chargers,10.75,2.45,3.3,8.55,0.04,4.11,5.31,10.94,0.61,10.27,9.11,3.41,0.39,0.0,0.0,0.0,11,2,0
2008,chargers,7.66,3.79,6.93,16.26,0.0,3.37,5.79,10.81,0.91,11.54,8.51,2.5,1.81,1.04,0.0,0.0,8,1,0
2009,chargers,7.26,3.09,5.29,17.83,0.25,4.42,5.46,10.63,0.69,14.37,12.3,2.61,1.0,0.41,0.0,0.0,13,1,0
2010,chargers,5.71,3.29,2.52,23.67,0.64,7.47,6.63,11.35,0.8,12.34,11.41,3.14,4.3,2.59,0.17,0.0,9,0,0
2011,chargers,9.05,2.54,4.97,14.48,3.67,15.27,5.92,14.05,9.59,13.3,3.37,2.98,1.78,7.58,0.16,0.0,8,0,0
2012,chargers,13.17,3.73,4.7,16.98,2.74,9.36,7.03,12.53,7.19,13.74,7.42,3.89,8.22,17.93,0.0,0.0,7,0,0
2013,chargers,9.38,3.93,4.36,13.25,4.0,14.48,7.22,12.67,3.67,12.89,4.18,4.56,9.89,11.18,0.17,0.0,9,1,0
2014,chargers,9.65,4.58,4.57,9.97,4.23,8.04,6.9,12.52,2.27,13.21,6.31,4.94,0.44,14.05,2.44,0.07,9,0,0
2015,chargers,10.53,6.91,6.9,6.99,7.98,7.21,8.12,8.97,5.29,16.19,9.14,4.23,11.86,22.67,0.0,0.0,4,0,0
2016,chargers,4.44,11.74,3.02,10.55,10.76,11.44,5.2,9.0,7.23,10.95,4.75,1.22,0.01,25.08,0.43,0.28,5,0,0
2017,chargers,4.14,5.12,2.86,14.58,9.68,11.98,4.93,3.75,8.57,11.52,3.02,1.4,0.16,6.8,0.0,0.0,9,0,0
2018,chargers,6.65,9.79,2.64,14.05,8.37,14.39,3.88,8.74,11.97,12.86,2.73,2.14,8.53,9.69,0.0,0.0,12,1,0
2019,chargers,3.73,6.77,3.57,19.11,5.41,12.62,3.7,10.23,9.35,14.47,3.49,0.84,0.28,10.34,0.0,0.0,5,0,0
2005,rams,0.98,3.17,0.46,0.53,3.94,14.31,1.86,1.18,11.0,11.83,6.57,0.1,10.61,0.0,0.0,0.0,6,0,0
2006,rams,4.43,2.9,0.96,3.87,2.27,14.78,2.31,2.47,13.64,7.56,4.79,0.03,7.28,0.44,0.0,0.0,8,0,0
2007,rams,3.88,2.71,1.5,10.47,1.66,11.73,2.92,5.61,10.25,11.75,3.23,0.68,3.59,1.99,0.0,0.0,3,0,0
2008,rams,5.11,3.12,1.01,10.91,0.5,9.24,5.04,9.81,9.69,7.33,4.63,2.36,0.91,5.77,0.02,0.0,2,0,0
2009,rams,6.81,6.65,1.4,9.36,2.09,4.52,5.01,14.64,13.71,10.03,6.95,2.74,17.48,16.1,0.0,0.0,1,0,0
2010,rams,6.32,7.5,3.97,16.43,3.07,4.78,1.3,14.16,3.31,10.38,7.91,3.66,10.37,3.05,0.07,0.0,7,0,0
2011,rams,4.89,8.29,3.45,12.47,1.17,4.54,2.29,13.33,9.71,11.79,9.24,4.25,1.67,0.66,0.24,0.0,2,0,0
2012,rams,5.32,9.19,2.8,23.45,2.85,6.64,1.92,15.6,6.28,13.7,9.01,1.73,11.2,7.39,0.5,0.0,7,0,0
2013,rams,7.62,14.47,11.68,18.6,2.74,4.82,4.74,11.52,9.92,10.87,2.14,1.34,11.88,32.17,0.44,0.0,7,0,0
2014,rams,2.54,7.32,10.27,21.9,4.74,6.02,6.19,9.38,10.79,15.42,2.79,1.59,6.35,23.22,0.4,0.0,6,0,0
2015,rams,3.97,2.98,6.62,27.86,7.01,7.69,9.61,8.35,4.52,3.6,3.28,2.73,0.41,23.69,0.0,0.23,7,0,0
2016,rams,3.97,9.52,6.34,14.38,7.21,10.87,3.58,6.86,5.19,6.07,4.14,2.88,0.08,11.79,0.0,0.0,4,0,0
2017,rams,3.69,14.6,11.07,11.25,10.71,15.86,2.07,5.6,9.51,5.47,4.18,2.45,6.18,6.06,0.0,0.0,11,0,0
2018,rams,7.79,11.58,10.37,10.68,15.13,10.69,1.55,9.77,7.33,4.88,4.98,4.29,9.23,2.44,0.0,0.0,13,3,0
2019,rams,4.98,9.77,4.75,15.89,10.12,14.41,2.24,3.58,13.84,6.21,6.58,3.17,7.17,2.6,0.07,0.0,9,0,0
2005,dolphins,2.75,0.0,9.23,3.61,2.84,0.91,1.6,2.15,1.83,2.02,6.7,2.58,2.11,0.46,0.09,0.0,9,0,0
2006,dolphins,3.3,2.59,1.45,5.2,4.86,0.51,3.99,1.97,2.19,6.59,3.16,2.63,4.92,0.0,0.08,0.0,6,0,0
2007,dolphins,4.34,3.19,4.98,5.02,3.68,4.31,2.31,2.09,2.29,4.94,3.98,2.66,8.29,3.34,0.0,0.0,1,0,0
2008,dolphins,5.14,4.57,11.03,5.22,4.56,4.82,0.72,6.3,7.84,9.32,7.18,2.18,6.61,1.94,0.08,0.0,11,0,0
2009,dolphins,13.43,4.62,14.9,8.25,3.58,5.76,0.91,9.85,12.59,6.93,10.22,1.64,5.93,9.49,0.14,0.0,7,0,0
2010,dolphins,10.07,2.88,17.72,10.46,2.63,10.36,2.61,10.37,19.34,2.33,9.89,2.16,25.58,2.36,0.59,0.0,7,0,0
2011,dolphins,7.66,3.06,11.78,13.09,11.93,12.2,3.11,9.4,18.9,4.02,4.85,2.7,14.2,0.0,0.35,0.0,6,0,0
2012,dolphins,2.95,4.33,10.78,13.77,7.62,6.16,5.14,9.36,14.69,5.15,6.78,4.35,0.19,16.67,0.32,0.0,7,0,0
2013,dolphins,4.33,9.83,1.09,21.28,6.07,6.74,4.64,8.18,6.12,4.53,1.49,2.46,0.84,9.38,3.85,0.0,8,0,0
2014,dolphins,6.14,7.07,1.42,25.42,2.92,18.94,1.62,7.24,5.45,5.94,3.51,3.38,0.08,14.86,1.19,3.35,8,0,0
2015,dolphins,7.93,10.5,1.9,22.46,9.89,12.32,4.23,6.72,9.57,4.9,2.29,1.92,19.92,12.08,0.0,3.44,6,0,0
2016,dolphins,7.55,6.8,1.06,16.96,10.25,3.79,6.32,7.96,9.21,7.9,1.1,1.36,1.84,19.35,0.0,0.0,10,0,0
2017,dolphins,7.54,2.63,2.74,16.8,12.41,5.53,5.54,8.68,4.36,19.1,1.9,1.07,0.7,28.02,0.0,0.0,6,0,0
2018,dolphins,6.93,3.01,2.87,28.94,8.1,14.83,3.43,10.43,8.24,6.0,2.35,0.96,11.33,15.1,0.0,0.0,7,0,0
2019,dolphins,13.06,10.85,1.0,5.08,2.44,10.7,1.32,3.41,1.75,3.44,1.01,0.92,0.01,23.47,0.87,0.0,5,0,0
2005,vikings,8.24,5.8,2.33,3.6,10.3,14.11,3.33,6.45,3.77,12.99,1.1,0.63,9.66,0.0,0.0,0.0,9,0,0
2006,vikings,2.21,10.69,3.47,4.27,7.57,4.47,3.81,10.43,10.63,2.17,4.24,2.14,0.8,1.27,0.08,0.0,6,0,0
2007,vikings,4.27,8.35,4.15,5.17,23.77,3.22,7.45,11.06,5.96,2.43,7.67,6.49,3.39,1.38,0.0,0.0,8,0,0
2008,vikings,9.84,6.21,5.47,14.31,12.17,15.01,6.43,12.29,8.0,0.91,5.57,4.81,10.44,3.98,0.16,0.0,10,0,0
2009,vikings,5.57,8.66,8.47,16.18,12.51,7.44,6.58,8.32,6.01,12.48,5.64,3.58,1.77,4.07,0.14,0.0,12,2,0
2010,vikings,6.4,10.42,8.01,17.99,13.06,11.92,5.95,8.76,7.15,15.16,5.72,3.96,0.57,0.0,0.54,0.0,6,0,0
2011,vikings,4.83,11.15,6.41,19.44,9.75,6.3,7.57,10.26,1.28,6.58,12.04,3.92,2.35,7.4,0.32,0.0,3,0,0
2012,vikings,2.83,5.46,2.05,25.49,8.57,6.14,4.99,9.04,4.54,2.71,12.21,2.51,0.48,2.35,0.39,0.0,10,0,0
2013,vikings,4.35,4.43,1.1,29.78,7.09,7.41,3.49,7.95,7.58,6.98,11.8,1.53,0.5,5.06,0.34,0.0,5,0,0
2014,vikings,2.96,5.95,1.48,19.33,9.1,7.71,2.9,9.19,8.9,7.7,12.0,1.81,0.41,10.78,13.7,0.0,7,0,0
2015,vikings,3.7,9.83,1.54,16.44,6.9,10.76,5.71,9.86,9.95,3.5,11.25,2.31,0.34,12.83,0.0,0.0,11,0,0
2016,vikings,8.22,10.44,1.18,16.63,7.61,6.0,6.14,12.15,8.05,8.02,8.69,1.15,1.02,18.44,0.0,0.0,8,0,0
2017,vikings,6.78,12.5,1.41,13.73,8.09,6.7,4.76,2.61,8.62,13.27,3.55,1.48,1.12,12.96,0.0,0.0,13,2,0
2018,vikings,8.25,12.07,2.44,17.95,9.4,9.64,5.29,6.95,7.17,13.86,4.42,1.86,3.74,5.49,0.0,0.0,8,0,0
2019,vikings,7.82,14.04,3.3,15.54,7.86,11.59,3.12,5.24,7.28,15.5,1.95,1.65,0.02,2.44,0.39,0.0,10,1,0
2005,patriots,3.48,5.27,5.67,0.76,9.61,1.9,2.93,2.56,5.0,11.06,2.59,3.93,0.57,0.31,0.0,0.0,10,1,0
2006,patriots,5.0,1.6,3.05,0.77,11.04,2.81,3.36,6.92,3.51,14.25,3.84,1.0,2.37,0.0,0.0,0.0,12,2,0
2007,patriots,4.87,8.23,1.81,0.42,11.17,9.35,1.69,4.92,5.99,7.15,5.05,1.15,2.73,0.0,0.34,0.0,16,3,0
2008,patriots,6.27,3.33,3.46,0.28,12.87,11.01,1.89,5.44,6.63,13.48,6.6,1.24,5.24,5.41,0.16,0.0,11,0,0
2009,patriots,4.94,1.45,5.39,1.5,11.92,14.88,4.65,6.66,8.55,12.99,4.73,0.91,5.98,0.0,0.21,0.0,10,0,0
2010,patriots,10.07,1.43,6.06,2.53,10.88,15.67,1.52,6.78,9.51,17.29,5.48,2.52,2.43,5.38,0.07,0.0,14,1,0
2011,patriots,6.9,3.64,6.65,7.5,8.7,9.13,2.87,15.2,6.79,11.05,2.62,2.74,4.08,0.69,0.72,0.0,13,3,0
2012,patriots,6.41,6.07,9.99,6.58,10.72,12.91,7.77,12.78,3.52,7.51,2.96,3.37,0.05,5.82,0.94,0.0,12,2,0
2013,patriots,5.68,6.58,6.43,7.7,11.4,6.79,3.19,11.49,5.82,11.21,2.23,3.35,0.09,20.94,0.62,0.0,12,2,0
2014,patriots,7.65,11.27,6.04,8.01,9.17,10.35,10.91,8.42,6.57,11.23,2.9,3.63,13.37,9.01,0.34,0.0,12,4,1
2015,patriots,8.13,2.89,5.1,13.24,4.49,10.85,8.08,3.76,10.87,10.23,2.61,3.57,0.3,16.47,0.8,0.0,12,2,0
2016,patriots,7.95,2.99,0.58,17.15,3.18,10.59,7.55,1.73,13.23,9.55,2.56,4.0,2.15,5.7,0.0,0.0,14,4,1
2017,patriots,14.01,9.6,3.73,8.86,4.7,11.43,7.55,2.0,11.22,8.64,6.58,4.23,0.41,14.72,0.98,0.0,13,3,0
2018,patriots,12.83,8.8,7.9,5.72,4.81,8.85,8.7,4.6,6.75,12.72,4.56,4.36,0.4,4.35,0.0,0.34,11,4,1
2019,patriots,14.24,9.36,10.17,4.16,3.34,9.65,1.34,7.16,4.71,11.25,6.16,2.12,0.01,6.03,0.27,0.0,12,0,0
2005,saints,5.85,0.19,1.07,11.69,3.29,10.33,0.0,0.57,2.79,0.32,4.12,1.84,6.46,0.0,0.0,0.0,3,0,0
2006,saints,1.88,0.03,3.8,3.15,2.92,6.73,0.8,3.11,3.07,5.92,13.03,1.73,3.32,0.0,0.0,0.0,10,2,0
2007,saints,1.81,5.12,6.52,1.94,9.23,7.92,0.4,5.81,4.76,6.46,10.47,2.73,9.68,5.97,0.07,0.0,7,0,0
2008,saints,1.96,3.54,11.39,6.69,7.56,7.52,4.55,3.11,5.7,8.32,9.7,0.85,3.89,3.18,0.09,0.0,8,0,0
2009,saints,4.13,5.95,9.87,11.54,6.33,8.03,5.71,5.88,7.09,8.8,11.43,0.6,3.85,2.38,0.29,0.0,13,4,1
2010,saints,9.54,4.26,10.88,12.38,5.95,10.29,5.41,13.16,6.86,10.72,12.34,1.02,2.47,0.0,0.07,0.0,11,0,0
2011,saints,5.66,6.67,9.22,11.05,5.04,10.04,1.66,8.96,3.66,10.51,9.12,2.06,6.12,0.18,0.0,0.0,13,1,0
2012,saints,8.84,7.59,11.18,10.61,8.33,9.84,2.47,11.93,7.21,9.45,7.81,3.32,4.79,8.45,0.0,4.09,7,0,0
2013,saints,8.46,9.71,8.91,14.74,3.04,9.39,3.21,10.99,3.63,14.51,7.28,3.99,4.67,19.39,0.14,0.0,11,1,0
2014,saints,9.68,8.5,7.09,10.49,3.32,11.54,4.8,16.53,2.88,14.42,4.47,4.3,12.27,10.33,0.29,0.0,7,0,0
2015,saints,7.93,7.41,6.25,14.66,3.29,7.11,9.0,13.93,3.16,17.48,4.34,3.4,24.0,10.21,0.0,0.0,7,0,0
2016,saints,10.49,3.33,1.07,10.94,3.44,3.29,3.79,7.2,5.12,11.89,3.19,2.82,0.95,8.06,0.77,1.67,7,0,0
2017,saints,5.8,3.31,3.85,12.85,4.29,4.15,8.12,10.41,9.55,12.49,4.36,3.21,1.23,21.85,0.0,0.0,11,1,0
2018,saints,4.14,5.23,2.71,16.96,4.01,7.24,4.24,12.96,7.04,15.12,3.99,2.15,0.07,7.42,0.22,0.35,13,2,0
2019,saints,2.57,8.78,5.19,13.77,4.91,6.45,3.44,12.0,10.28,14.0,1.9,3.58,0.01,6.81,0.05,0.0,13,0,0
2005,giants,7.55,0.75,0.49,12.81,2.03,2.7,3.68,4.34,8.52,4.22,6.54,0.93,2.44,0.0,0.0,0.0,11,0,0
2006,giants,8.68,2.45,0.94,14.97,1.92,6.18,3.97,3.03,7.72,11.1,7.37,1.08,3.82,0.0,0.0,0.0,8,0,0
2007,giants,1.84,5.77,1.24,13.86,2.1,8.11,5.05,3.4,5.4,10.75,1.86,1.19,3.73,6.95,0.0,0.0,10,4,1
2008,giants,2.91,5.4,0.9,11.72,1.4,8.27,2.49,7.33,1.89,14.08,2.47,1.31,4.35,0.0,0.0,0.0,12,1,0
2009,giants,3.0,9.4,4.7,17.95,4.57,10.68,3.97,6.73,3.96,14.8,5.87,1.54,8.85,3.02,0.07,0.0,8,0,0
2010,giants,6.84,15.04,6.48,20.32,6.3,9.46,2.28,10.33,5.46,13.1,6.74,2.21,0.78,2.65,0.07,0.0,10,0,0
2011,giants,5.04,10.5,5.62,20.88,4.78,6.22,1.25,10.77,5.74,14.89,9.81,2.7,3.51,0.24,0.0,0.0,9,4,1
2012,giants,11.02,12.97,5.49,23.76,3.46,4.63,3.62,14.89,4.61,8.41,7.29,3.47,3.29,5.11,0.0,0.0,9,0,0
2013,giants,10.25,9.02,8.05,16.16,2.96,7.29,2.4,14.34,5.58,17.78,6.16,2.8,7.13,20.32,0.29,0.0,7,0,0
2014,giants,12.86,7.87,5.12,14.12,2.29,9.87,2.29,13.97,6.99,16.01,4.07,3.62,9.55,25.78,0.22,0.0,6,0,0
2015,giants,2.38,12.0,3.74,13.82,1.99,10.34,1.32,6.66,8.78,10.57,4.5,2.26,5.61,18.11,0.0,0.0,6,0,0
2016,giants,2.41,12.95,2.94,21.27,5.6,8.24,1.83,5.18,7.19,15.29,5.84,3.01,9.1,7.45,0.0,0.0,11,0,0
2017,giants,2.82,17.25,1.26,23.7,8.16,10.34,3.03,10.62,3.05,12.86,4.14,2.28,5.99,31.46,0.0,0.0,3,0,0
2018,giants,2.92,7.35,3.59,14.92,2.11,6.91,3.96,2.52,6.7,13.18,6.14,1.23,0.26,5.11,0.0,0.0,5,0,0
2019,giants,4.17,11.09,7.51,14.46,3.59,16.53,5.1,7.41,7.91,15.37,4.49,1.26,28.13,7.31,0.0,0.0,4,0,0
2005,jets,0.79,4.41,5.44,12.74,4.01,4.09,1.07,2.68,0.84,12.27,6.96,1.01,6.15,0.0,0.09,0.0,4,0,0
2006,jets,1.27,5.08,6.84,7.98,9.38,8.07,1.98,1.6,3.24,7.21,3.04,1.48,0.7,2.34,0.0,0.0,10,0,0
2007,jets,2.23,7.02,7.13,6.44,8.32,5.62,2.14,4.98,4.97,7.12,4.93,1.86,0.2,4.79,0.37,0.0,4,0,0
2008,jets,3.63,7.4,6.47,7.42,5.68,10.47,3.18,7.88,5.76,13.95,8.4,1.83,9.21,0.38,0.32,0.0,9,0,0
2009,jets,7.25,7.92,15.63,11.75,1.02,8.72,2.87,11.25,5.51,11.41,3.34,2.31,4.76,0.52,0.14,0.0,9,2,0
2010,jets,5.11,10.99,17.79,10.4,2.71,11.43,3.43,16.1,6.5,8.47,3.75,1.31,3.47,1.83,0.29,0.0,11,2,0
2011,jets,3.83,12.61,16.89,9.53,2.17,8.25,2.43,10.65,9.73,14.14,2.37,1.07,6.79,0.0,0.0,0.0,8,0,0
2012,jets,5.7,21.48,17.2,12.56,2.96,13.46,5.17,10.07,7.27,10.02,2.55,1.69,4.23,20.12,0.0,0.0,6,0,0
2013,jets,2.08,20.22,13.59,7.88,4.64,10.25,2.1,10.41,6.55,13.44,3.4,1.36,18.17,14.84,0.12,0.0,8,0,0
2014,jets,3.25,11.62,6.95,8.86,3.8,14.47,2.55,8.7,11.37,7.67,4.7,3.64,14.29,4.41,0.14,0.0,4,0,0
2015,jets,4.85,21.26,6.98,11.36,4.24,13.84,2.73,10.03,11.58,3.41,5.21,2.09,5.27,5.93,0.0,0.0,10,0,0
2016,jets,5.51,16.04,7.16,11.77,3.88,13.17,1.64,9.5,8.14,6.41,3.4,3.01,0.79,27.02,0.0,0.0,5,0,0
2017,jets,4.14,9.82,3.09,18.88,2.37,4.33,1.68,11.46,6.26,4.97,6.13,1.15,0.0,15.4,0.0,0.0,5,0,0
2018,jets,5.54,14.77,5.01,15.37,2.49,10.44,1.97,11.62,8.42,9.25,4.78,1.24,13.36,20.08,0.0,1.43,4,0,0
2019,jets,5.42,10.87,12.43,7.31,4.42,9.53,1.22,9.68,7.1,4.52,5.63,0.97,0.07,31.63,0.0,0.0,7,0,0
2005,eagles,4.72,3.2,0.56,2.71,2.51,4.54,0.74,3.97,8.56,10.27,1.28,3.52,0.28,0.0,0.0,0.0,6,0,0
2006,eagles,7.18,2.93,1.4,7.7,5.51,5.58,0.77,10.86,1.6,11.53,1.32,2.38,2.41,0.18,0.08,0.0,10,1,0
2007,eagles,4.57,3.79,6.59,9.66,4.63,2.99,1.38,9.68,1.71,12.61,2.08,2.6,0.57,0.17,0.3,0.0,8,0,0
2008,eagles,5.9,12.04,2.89,10.62,6.78,3.58,4.43,8.07,1.46,11.12,1.3,2.43,1.8,0.19,0.09,0.0,9,2,0
2009,eagles,3.89,14.97,3.99,14.68,5.33,5.88,3.03,12.91,10.8,15.72,0.97,2.69,1.85,4.28,0.32,0.0,11,0,0
2010,eagles,3.37,14.48,4.01,17.23,5.68,11.49,3.01,9.85,16.33,14.32,2.63,3.26,11.32,0.77,0.16,0.0,10,0,0
2011,eagles,3.15,15.81,2.46,25.49,4.23,9.4,2.76,5.36,8.86,15.78,1.43,1.36,4.75,0.4,0.35,0.0,8,0,0
2012,eagles,2.6,12.75,5.31,12.81,5.08,9.61,4.48,7.65,11.38,12.42,3.7,1.92,0.16,14.81,0.95,0.0,4,0,0
2013,eagles,5.39,7.02,5.95,9.64,4.82,13.19,4.0,7.83,10.55,9.18,4.31,1.58,8.15,4.52,0.16,0.0,10,0,0
2014,eagles,6.45,8.92,5.45,14.04,3.15,11.9,3.84,11.59,9.33,2.54,8.36,1.96,6.82,9.26,0.62,0.0,10,0,0
2015,eagles,7.2,9.88,3.02,17.19,4.54,7.23,4.31,7.85,9.8,11.06,9.41,2.5,12.09,4.4,0.0,0.0,7,0,0
2016,eagles,7.58,7.33,3.05,17.4,5.92,5.31,4.0,10.17,11.51,10.26,8.93,2.58,14.92,5.44,0.0,0.0,7,0,0
2017,eagles,8.96,3.13,0.73,20.83,8.44,11.84,5.67,9.84,10.08,11.31,4.98,1.99,11.08,12.68,0.0,0.0,13,4,1
2018,eagles,9.16,3.23,1.97,13.62,11.15,9.3,4.04,10.03,9.75,12.09,2.86,0.93,1.08,10.46,0.0,0.0,9,1,0
2019,eagles,9.77,4.9,2.14,10.37,12.22,10.45,4.29,9.1,9.86,8.46,3.09,0.97,10.88,15.09,0.05,0.0,9,0,0
2005,steelers,2.88,2.04,16.64,5.93,2.86,3.51,4.36,8.21,2.33,5.98,5.43,0.32,3.89,0.0,0.09,0.0,11,4,1
2006,steelers,4.07,3.04,16.36,9.38,5.37,6.28,2.63,8.0,2.21,5.95,4.32,0.34,1.71,0.0,0.0,0.0,8,0,0
2007,steelers,5.25,6.17,13.35,11.18,4.15,10.32,3.46,9.81,2.24,5.21,4.56,0.77,3.09,10.45,0.07,0.0,10,0,0
2008,steelers,8.59,4.25,6.48,9.82,3.86,8.55,2.9,6.14,8.5,9.18,5.5,1.47,0.79,5.31,0.23,0.0,12,4,1
2009,steelers,7.53,5.88,6.5,14.34,5.73,5.41,5.2,8.81,7.33,11.73,7.96,1.91,4.84,3.49,0.14,0.0,9,0,0
2010,steelers,10.63,8.67,6.82,18.25,5.59,8.42,5.28,7.46,10.92,11.38,3.61,1.87,1.75,5.35,0.22,0.0,12,3,0
2011,steelers,10.46,8.35,8.29,21.77,6.22,7.33,4.96,10.5,6.37,12.77,3.33,2.41,2.41,7.57,0.0,0.0,12,0,0
2012,steelers,13.79,6.71,9.35,20.38,6.2,9.3,7.08,10.08,4.31,8.33,4.96,2.81,8.6,17.78,0.15,0.0,8,0,0
2013,steelers,13.36,7.4,8.61,22.05,2.24,8.97,7.55,8.17,3.21,12.26,3.25,2.39,8.71,14.28,0.2,0.0,8,0,0
2014,steelers,8.13,10.08,12.16,17.21,3.77,5.73,5.86,11.02,3.55,15.89,2.3,2.09,9.97,2.97,0.39,0.0,11,0,0
2015,steelers,3.77,9.08,9.58,6.47,8.58,7.31,4.18,7.54,5.73,14.13,2.25,2.42,0.19,15.26,0.78,0.0,10,1,0
2016,steelers,4.65,7.15,13.04,14.51,1.27,10.84,4.73,13.13,4.96,16.63,3.24,1.85,7.44,12.62,0.04,0.07,11,2,0
2017,steelers,7.85,6.67,4.03,13.23,0.85,10.45,2.01,15.74,7.31,12.44,7.73,1.04,0.36,3.02,0.0,0.0,13,1,0
2018,steelers,4.18,10.08,8.58,9.24,4.78,7.04,2.94,11.29,7.94,13.57,1.14,3.19,4.81,7.99,0.0,0.0,9,0,0
2019,steelers,2.67,10.14,6.59,12.86,9.0,2.15,3.34,12.42,5.08,13.52,1.36,3.12,0.23,20.17,0.0,0.0,8,0,0
2005,49ers,0.93,5.73,9.52,10.54,1.43,3.1,1.09,7.9,1.86,3.53,0.51,1.23,1.02,0.0,0.08,0.0,4,0,0
2006,49ers,0.85,12.18,0.51,7.09,1.58,7.87,6.71,6.48,1.28,6.78,0.54,1.28,16.2,0.0,0.0,0.0,7,0,0
2007,49ers,4.92,14.59,4.05,2.14,3.21,7.54,3.74,4.4,3.34,3.86,2.72,1.69,4.61,0.0,0.16,0.0,5,0,0
2008,49ers,5.18,11.3,6.13,6.69,4.11,8.53,4.66,4.39,1.52,7.31,4.31,1.69,2.31,1.78,0.16,0.0,7,0,0
2009,49ers,5.44,11.01,4.76,17.34,7.12,8.67,4.66,5.13,12.41,8.07,6.76,2.02,1.51,2.11,0.14,0.0,8,0,0
2010,49ers,3.7,12.11,5.77,11.56,11.76,13.89,8.77,10.01,8.91,13.0,8.16,2.2,5.13,0.24,0.37,0.0,6,0,0
2011,49ers,6.26,7.7,6.34,13.82,5.7,9.03,6.67,7.61,3.66,5.12,7.44,3.21,4.41,0.0,0.14,0.0,13,2,0
2012,49ers,10.62,6.9,19.34,14.26,8.0,11.82,7.63,8.19,4.8,9.18,7.83,5.58,0.43,5.45,0.64,0.0,11,3,0
2013,49ers,8.51,10.1,5.05,15.32,3.3,13.37,7.97,8.01,5.79,1.6,7.09,5.38,0.37,5.59,0.61,0.0,12,2,0
2014,49ers,6.09,4.81,9.15,17.97,1.64,10.24,6.92,8.06,8.9,4.51,6.1,3.69,1.06,20.55,0.25,0.0,8,0,0
2015,49ers,6.68,3.26,6.4,10.46,1.71,9.09,1.8,5.54,7.61,11.48,2.85,3.62,0.32,21.79,0.0,0.0,5,0,0
2016,49ers,6.92,4.54,7.75,11.86,3.8,8.86,3.1,4.27,8.27,11.47,1.83,2.92,6.85,20.93,0.02,0.0,2,0,0
2017,49ers,6.56,3.15,6.33,12.57,5.21,9.8,3.2,5.39,7.45,5.75,1.77,1.73,19.23,13.35,0.0,0.0,6,0,0
2018,49ers,6.34,5.21,5.14,9.9,5.17,8.68,3.55,8.32,8.12,17.46,3.9,1.73,11.74,30.84,0.0,0.39,4,0,0
2019,49ers,4.78,9.13,6.68,21.61,4.14,10.29,2.06,7.63,9.53,9.33,5.55,2.61,11.08,12.31,0.0,0.0,13,3,0
2005,seahawks,1.94,1.91,7.19,8.09,2.65,3.07,0.03,7.78,7.3,9.91,8.27,0.46,8.22,0.74,0.0,0.0,13,3,0
2006,seahawks,1.98,2.7,8.46,6.62,4.81,7.25,0.53,4.63,6.53,8.29,7.3,0.71,0.53,0.0,0.0,0.0,9,1,0
2007,seahawks,3.17,4.79,9.59,8.25,6.41,13.49,1.57,3.55,10.09,10.08,7.21,1.91,4.14,1.92,0.07,0.0,10,1,0
2008,seahawks,4.33,5.54,10.05,9.59,6.19,13.59,1.48,3.01,10.93,10.77,9.87,2.05,9.48,10.73,0.08,0.0,4,0,0
2009,seahawks,4.73,5.51,11.51,12.16,4.13,12.73,0.96,5.09,11.14,9.71,4.78,2.26,4.49,10.77,0.28,0.0,5,0,0
2010,seahawks,4.69,8.51,9.01,18.13,6.34,8.58,3.72,5.42,9.48,9.56,4.51,3.68,18.65,0.0,0.15,0.0,7,1,0
2011,seahawks,7.2,6.16,3.64,9.88,6.16,8.79,3.59,3.66,14.47,5.41,4.61,1.14,14.53,0.0,0.11,0.0,7,0,0
2012,seahawks,4.08,2.65,3.34,14.35,7.7,10.9,7.11,7.33,11.67,3.77,7.78,3.11,1.44,7.41,0.0,0.0,11,1,0
2013,seahawks,6.55,2.33,1.99,21.73,5.28,12.22,9.28,7.16,13.12,1.1,7.36,2.03,0.07,8.43,8.55,0.0,13,2,0
2014,seahawks,11.54,4.36,2.4,16.86,8.45,4.93,4.78,8.18,8.84,1.52,6.95,2.93,0.55,8.77,1.82,0.0,12,3,0
2015,seahawks,9.4,10.26,2.62,18.68,6.65,6.58,6.35,3.31,5.26,5.77,6.57,3.82,0.23,8.19,0.27,0.0,10,1,0
2016,seahawks,11.7,14.97,4.55,17.57,3.49,8.81,8.29,1.65,4.22,12.3,5.51,3.74,9.11,10.27,0.05,0.0,10,1,0
2017,seahawks,13.31,13.16,6.31,16.29,6.33,4.51,7.44,7.12,5.37,9.06,3.86,1.88,0.03,19.21,0.52,0.0,9,0,0
2018,seahawks,14.83,3.93,8.17,9.8,3.78,10.87,1.82,6.28,6.8,14.07,3.02,1.79,0.89,8.76,5.39,0.29,10,0,0
2019,seahawks,4.7,2.86,8.99,16.22,2.64,6.42,3.41,8.09,8.93,13.69,2.57,2.04,0.03,12.23,0.25,1.47,11,1,0
2005,buccaneers,7.43,0.01,12.76,12.51,0.96,2.97,1.18,2.06,0.45,5.39,2.8,1.23,6.48,0.0,0.0,0.0,11,0,0
2006,buccaneers,7.56,4.0,8.11,9.33,3.07,4.7,1.43,1.92,1.76,0.42,2.98,2.59,0.61,0.18,0.08,0.0,4,0,0
2007,buccaneers,6.25,6.42,6.95,7.24,3.37,4.78,2.08,3.02,4.94,8.73,4.22,2.69,0.14,6.99,5.05,0.0,9,0,0
2008,buccaneers,5.93,7.65,8.35,5.57,5.64,7.09,1.77,8.65,2.17,4.68,6.19,2.89,2.65,0.0,0.0,0.0,9,0,0
2009,buccaneers,6.71,2.03,4.72,3.29,2.51,13.73,4.59,9.24,4.93,4.13,6.36,4.41,7.81,2.77,0.0,0.0,3,0,0
2010,buccaneers,5.07,2.5,5.47,8.87,15.96,2.83,6.07,8.83,5.88,5.53,4.4,1.66,13.13,9.05,0.15,0.0,10,0,0
2011,buccaneers,6.68,2.48,5.02,3.07,5.52,5.24,6.37,10.57,7.74,2.02,1.33,4.59,3.94,0.0,0.07,0.0,4,0,0
2012,buccaneers,3.78,8.53,8.43,7.27,12.84,18.99,3.47,25.61,7.66,7.39,2.96,7.22,3.57,31.82,0.0,0.0,7,0,0
2013,buccaneers,7.26,14.29,3.55,6.64,10.9,9.93,1.8,12.29,7.06,0.88,2.74,5.71,0.16,13.44,2.16,0.0,4,0,0
2014,buccaneers,7.82,9.72,5.14,11.47,19.23,12.37,3.11,12.99,6.53,4.09,2.55,3.02,9.85,20.82,0.18,0.0,2,0,0
2015,buccaneers,5.95,6.13,6.0,13.34,16.55,12.85,3.16,12.78,6.47,4.11,3.24,1.11,17.4,14.62,0.0,0.3,6,0,0
2016,buccaneers,4.07,12.71,2.26,16.13,11.39,12.45,2.8,10.55,7.02,5.09,6.32,1.92,0.01,11.95,5.9,0.0,9,0,0
2017,buccaneers,6.07,9.93,0.55,15.31,13.46,11.43,3.33,8.39,4.45,6.82,5.25,4.11,4.21,12.38,0.04,0.0,5,0,0
2018,buccaneers,3.0,8.03,1.58,22.4,10.86,17.69,5.62,9.24,3.83,6.57,2.06,2.02,0.39,10.49,0.0,0.0,5,0,0
2019,buccaneers,2.49,3.34,3.55,20.92,3.78,11.17,5.79,12.33,9.55,11.93,2.49,1.88,0.07,11.73,0.43,0.0,7,0,0
2005,titans,0.41,13.41,4.07,14.74,3.07,4.43,1.2,2.92,1.46,11.34,4.53,0.53,25.98,0.0,0.0,0.0,4,0,0
2006,titans,2.4,7.51,8.39,6.13,3.42,1.75,1.65,4.75,1.64,17.13,2.61,0.86,8.79,0.0,0.0,0.0,8,0,0
2007,titans,6.74,3.65,9.03,6.46,8.73,2.62,1.3,3.71,1.89,12.18,2.52,0.42,9.24,0.93,0.07,0.0,10,0,0
2008,titans,5.57,9.1,7.68,6.88,7.09,1.76,1.62,4.81,9.71,5.89,3.47,1.22,4.18,0.4,0.22,0.0,13,1,0
2009,titans,8.5,3.97,8.66,7.16,7.01,5.84,4.47,5.75,8.35,9.37,3.03,2.2,0.72,7.41,0.24,0.0,8,0,0
2010,titans,11.01,4.47,2.98,9.16,4.38,5.34,5.11,10.15,10.05,14.85,2.16,2.71,0.75,0.0,0.0,0.0,6,0,0
2011,titans,11.18,5.5,4.47,11.36,6.88,6.19,3.02,10.97,10.97,7.95,5.75,3.39,2.75,0.0,0.0,0.0,9,0,0
2012,titans,5.71,5.98,2.67,13.99,6.9,8.8,3.0,12.64,12.72,9.06,11.32,4.41,0.34,21.82,0.0,0.0,6,0,0
2013,titans,7.53,7.43,2.44,8.95,4.07,9.27,5.19,7.02,12.61,4.66,10.88,3.4,0.42,5.18,0.45,0.0,7,0,0
2014,titans,10.29,7.93,4.57,10.93,8.53,7.31,6.05,11.09,9.35,4.97,7.92,2.44,9.11,19.87,0.38,0.0,2,0,0
2015,titans,8.85,10.29,3.97,13.2,10.7,5.42,7.44,5.09,6.43,4.25,4.23,3.08,11.53,13.16,0.0,0.0,3,0,0
2016,titans,6.74,11.29,4.63,11.03,7.96,9.39,6.23,8.9,5.38,4.39,5.45,3.54,10.45,8.99,0.02,0.0,9,0,0
2017,titans,6.98,8.78,4.76,13.7,11.21,11.15,3.96,4.7,4.63,5.4,5.04,3.9,4.22,2.13,0.0,0.0,9,1,0
2018,titans,6.93,10.06,7.02,11.78,11.44,6.09,6.12,6.89,9.39,4.76,3.32,3.9,6.35,24.72,0.0,0.0,9,0,0
2019,titans,4.88,13.53,6.13,4.49,11.63,7.89,3.77,8.7,9.19,12.49,3.56,3.89,6.23,14.03,0.0,0.0,9,2,0
2005,redskins,3.51,3.22,0.08,7.86,0.0,12.73,0.6,3.4,6.69,3.19,4.13,0.0,10.99,0.28,0.0,0.0,10,1,0
2006,redskins,3.04,3.03,0.22,15.99,0.6,7.95,0.62,5.97,7.26,3.53,6.86,0.12,15.44,0.0,0.08,0.0,5,0,0
2007,redskins,9.75,4.41,3.11,3.08,0.72,8.19,1.35,3.58,5.98,2.84,4.99,0.4,5.15,7.65,0.0,0.0,9,0,0
2008,redskins,3.23,4.13,3.88,4.85,0.82,7.04,3.36,4.12,4.72,3.57,5.35,1.11,0.18,4.4,0.16,0.0,8,0,0
2009,redskins,5.79,9.26,4.25,6.27,8.15,11.52,3.44,8.14,6.79,4.97,5.12,0.27,3.03,16.54,0.07,0.0,4,0,0
2010,redskins,7.95,20.0,8.54,12.04,26.49,5.57,4.92,6.2,7.63,16.72,9.67,1.47,0.07,8.37,0.79,0.0,6,0,0
2011,redskins,13.6,8.25,6.74,14.61,6.41,8.29,6.88,10.44,10.32,2.01,3.58,1.74,12.13,5.99,0.0,0.0,5,0,0
2012,redskins,4.47,12.95,3.49,12.84,5.36,12.39,6.19,6.41,15.72,4.68,2.46,2.3,0.32,12.4,3.61,0.0,10,0,0
2013,redskins,4.62,7.21,8.91,15.97,5.89,17.96,4.64,10.19,10.68,5.45,2.13,2.46,4.76,11.93,0.19,0.0,3,0,0
2014,redskins,3.68,6.12,5.58,23.86,9.35,17.01,3.07,10.48,11.21,5.37,2.19,1.57,12.58,19.67,0.21,0.0,4,0,0
2015,redskins,5.14,8.43,3.8,14.27,12.29,16.91,4.2,10.65,8.61,6.06,2.44,1.53,8.93,19.73,0.0,0.0,9,0,0
2016,redskins,1.54,10.29,2.04,9.03,4.87,14.27,5.11,9.01,6.88,13.73,1.51,1.61,0.37,7.29,0.0,0.0,8,0,0
2017,redskins,2.81,15.41,4.64,14.17,2.2,6.19,6.69,8.07,11.63,15.6,2.59,1.84,0.06,26.81,0.2,0.0,7,0,0
2018,redskins,3.17,11.73,3.38,11.99,4.71,6.27,9.13,6.16,13.11,12.49,3.79,2.53,0.4,0.14,30.37,0.0,7,0,0
2019,redskins,3.89,11.65,1.98,13.16,2.02,5.16,8.91,9.52,6.94,15.5,4.24,3.26,2.15,32.94,10.54,0.2,3,0,0
