,business_id,cool,date,funny,review_id,stars,useful,user_id,fear_score,happy_score,sad_score,anger_score,neutral_score,surprise_score,disgust_score,fear_normalized,happy_normalized,sad_normalized,anger_normalized,neutral_normalized,surprise_normalized,disgust_normalized,review_length
84442,XH2TZmZt6gzHHpjqk8C6pg,1,2009-05-26 13:42:02,3,rtQJU6GHxnxsXKBspKzWaA,5,6,lJzgOpVS1pmb2UW7j2GkDg,2.4055228904145007,3.0254552269209016,2.5626368669198007,2.2444980166198008,1.005997474534,2.9255124977796005,1.4239821523006004,0.15426342215646136,0.19401897140357313,0.1643389611508715,0.14393708180739803,0.0645134634639172,0.1876097588874799,0.0913183411302989,307
75795,yNVcnSaMSrTmjJBMrHTy9w,2,2012-06-01 18:22:23,1,wU-awV0uGkZdjnIFsgoTQA,4,5,8iqGB11mHwCTLOOHkqnqmQ,0.5328273016891,0.5134714395972998,0.3631853561121,0.40408265730410003,0.15302070967,0.5492975927082999,0.13842551475370002,0.20074037580343196,0.19344813867896396,0.13682850830114973,0.15223638921228694,0.05764988893678539,0.2069454865368817,0.052151212530500306,88
42057,zk3AimWhuz0EZsNgIddKdg,0,2018-05-19 16:05:50,0,WBE8cGKMIJggpXRA4KTaog,2,0,qFk5mtbEqpRgg2v2HRoryQ,0.3652996457413999,0.8868912596913999,0.3049103530775,0.45520848004139997,0.130912251347,0.2933596752414,0.3154420489214,0.13273855304185675,0.32226875631914725,0.11079495845895396,0.16540863282373136,0.047569448867065434,0.10659780064484005,0.11462184984440539,101
25891,MN0Pd66285k2k9lkpEtptA,0,2017-03-15 20:01:16,0,_NcurWksF9tSwXK9Mq3GIA,1,0,D4xs1lDiug7hU_NfPnJxpQ,1.3013862212474998,1.1985325556564996,1.0125520999358,1.5272847626042998,0.44962298804799994,1.3603302035103995,0.5151312354252998,0.17670257731458344,0.16273707844925805,0.13748460126805206,0.20737514308916766,0.061049932380416595,0.18470600735939763,0.06994466013912455,195
51127,N9oZ9GDPf65x6zv7fsKJvA,0,2012-11-07 23:02:55,1,bQ1zd9OOjNwMJexVp2jZSA,3,2,cuVrNmt7_WtBn1uz5L_p0g,0.14893101134550002,0.2744894426425,0.1675544036325,0.2634040050925,0.06173724608499999,0.4254463569925,0.08002714725150002,0.1047637166022962,0.19308627477597531,0.11786411640554782,0.18528835795926563,0.043428318214066744,0.2992750883161739,0.05629412772667443,27
40493,V78f9CdEVTkKFkyhdTYVrQ,0,2017-12-30 00:19:30,1,MLwORlIv5_hHrP5t3NoiEQ,2,0,E7SNJmkznqEChusdrp25aQ,0.0349252056984,0.11323845869840002,0.07515756469840001,0.16510279729340002,0.0213574382,0.07064656583450002,0.0266420720984,0.06887648379332155,0.22331913898157432,0.14821927840877444,0.3256015222991767,0.042119300849717184,0.13932307482377065,0.05254120084366512,17
78379,S-oLPRdhlyL5HAknBKTUcQ,1,2014-12-03 02:53:11,0,m2Anz-RKC0pDBkY_i5mHbQ,5,1,UGjV8dDechaxUmbbiOys_g,0.2954684251873,0.8309488529867,0.4060131642132999,0.3026361882585,0.12006554012,0.6292157327384998,0.1199486623527,0.1092588841467042,0.30726986953938973,0.1501363309554894,0.11190939339990387,0.04439806700044781,0.23267260724383587,0.04435484771422912,59
30331,faPVqws-x-5k2CQKDNtHxw,0,2016-04-12 18:26:12,0,mqUaH9qHVKg4AQQuodNg1A,5,0,VUKoeNObTjuNQYJG7HUAzA,0.5674231234253,0.7083774742853002,0.7900492008993,0.5020355079522001,0.29151320277,0.6811880501542003,0.41445878761840005,0.14346817131709586,0.17910729514236026,0.19975730530565403,0.12693546189545368,0.07370666507867044,0.172232677598214,0.10479242366255181,63
47659,qxdZWoRVwf4lpI_gjAN2gA,4,2013-03-19 00:21:53,0,rbEV7igbbmvRvmfMaPD-CA,5,10,KcFMI-hsr2Em7whfI4OM5g,1.752204689476601,1.7276876317788008,1.6489800673474009,1.453566939136201,0.5962168550449998,1.9274782150530014,0.9211154175940997,0.174744293971823,0.17229925089928774,0.1644498838365189,0.14496167602200177,0.059459659031080636,0.19222401461333619,0.09186122162595166,270
58338,r5PLDU-4mSbde5XekTXSCA,0,2017-03-17 01:00:19,0,aQEnT-pyWU_pcuRDcSDYpA,5,0,zon8kE1wD0Qhha9yoQyTBw,0.1863805452889,0.09674299008889999,0.0832269286889,0.0850553621889,0.010809385999999999,0.27682052452500006,0.0122958730189,0.24806695586604885,0.1287620390611767,0.11077256380988669,0.11320615435253395,0.014386970891434458,0.3684398751689314,0.016365440849988026,37
90811,-wabMTvmllPuVDN0hXa1LA,0,2017-07-30 00:11:00,0,dEXBqYjMw44sfAq9fU32hw,5,0,HScnoJ4NlKNRzm47aOGCRA,0.0722004393453,0.3606324579084999,0.02960926578749999,0.027465934046499992,0.06428134439999998,0.0343623202315,0.09408722270930002,0.1057666511761485,0.5282916243208199,0.04337470678192266,0.04023493335864818,0.09416594402941462,0.05033747121879193,0.1378286691142542,19
50468,PmkXtqIcjQGpNShB8yTSrA,0,2018-09-15 20:45:42,0,1kqnfRtU7o4-Cr5DidATPA,1,0,QW-MVWcbmdOz1mCFuc3yPw,0.5652879266222999,0.5349523379585,0.6343172891403,0.6124201045787999,0.19704654358600004,0.6450036075757997,0.45001199901809996,0.1553398578671904,0.14700370595340506,0.17430897229049122,0.16829167495000197,0.054147949447224036,0.17724554869468392,0.12366229079700324,90
28183,z2UlLGVFpOwmHG-YSuo03Q,1,2011-05-29 21:16:48,0,Y2WPwEKp1vHVDUXXckyXSg,5,5,p4fbfhnNCvX41vy3Kt3hvw,0.4779717116312999,0.6159007864038998,0.4059929484087,0.45089252487309983,0.203518954866,0.7339904293241999,0.16984198964110003,0.1562964752681599,0.20139920352456603,0.1327594610221538,0.14744159674618643,0.06655058138744564,0.24001444895640442,0.0555382330950837,69
75580,fgA9aoU0gNK80hhXhiUpSQ,0,2017-03-16 04:36:38,0,72keoPmVRcuokHoJdpembw,3,0,a90yfbyDb-YRVZyPX__jzA,0.4949990332283999,0.7944928512944999,0.7375388417384,0.6152049260283999,0.19828647914999994,0.6105593673788999,0.44108551801839996,0.12717826112987946,0.20412609424457606,0.18949311233251412,0.15806231422421102,0.05094500783040369,0.15686874811324922,0.11332646212516635,83
61836,c35qzLN6ItDpVIoj2uQW4Q,0,2014-10-13 02:46:30,0,KFKOWU82EFYVsASnzpbnCw,3,1,qZa2urX00YWHs-jRcWgUqw,1.1657924354995999,1.812145938451001,1.6138115199765002,1.4428680581247004,0.33049340424300006,1.7050220478518,0.5813370662361997,0.13475078479323727,0.20946103262499133,0.1865360952801234,0.16677720429887313,0.03820083595897389,0.19707887274061953,0.06719517430318148,226
25050,pCWg4B0R5gauQR4SJ9VDmw,0,2013-08-30 23:20:05,0,Y-80Dfsc1gnMR2yMx8dxXg,5,0,JstlXXgmpbdahreXjGeFyA,0.3717070418419999,0.4105113946142,0.6964036430039999,0.30364343011420003,0.08462397480700001,0.37499279311420003,0.15590429006419998,0.15502090422513373,0.17120430991152513,0.2904360431515479,0.12663488661679115,0.0352925385236105,0.1563912310576608,0.06502008651373088,77
90974,4CsaeCbJeQ3A6y5knN6W9g,0,2014-02-26 09:08:43,3,8jUo9FM23eJ9cYmKCLT7HQ,1,7,oV7Bfymk6uIZ00zs5Xq2FQ,0.8112782684357999,0.8133168083801,1.0781072579199,0.7652748869623,0.272990071752,0.9016540817663999,0.5112418245686999,0.1574116807115897,0.15780721700451752,0.20918429848212367,0.14848568099250184,0.05296804768962001,0.17494722828576023,0.0991958468338871,135
98278,4Fkv4bx4_b3zuoqfSBwBEw,2,2015-03-19 19:44:51,0,Zzp802V-76-hHRp_YyDZgw,5,0,n1UBXoiXMyQxwRapupMHqA,0.2865921641268,0.5691335942629,0.37278521522679997,0.3455325717218,0.12458233165,0.4697386384267999,0.09505671944290002,0.12661901360343997,0.2514483762447363,0.16469988417785053,0.15265941946660128,0.05504160238993955,0.2075347845962353,0.04199691952119712,48
81021,x1Qiae1f73NqTYhPXQG7Ew,0,2016-10-16 12:14:54,0,s64G_ebYRmv8uvPlVy2oHg,5,0,0DxvXmNVUJXI7nABjmpsDw,0.08531177862000001,0.20822519297000003,0.11084369862000001,0.11085777321500001,0.05511434219,0.14964815762,0.11003315692000001,0.10278105273514539,0.25086341986566113,0.1335411383692563,0.13355809501597404,0.06640009389940482,0.1802915778906611,0.13256462222389717,18
90216,Dx4R3jlNBZly6VLTTYjLMQ,0,2017-05-27 22:08:49,0,5NSHxceBRLHMl9YY_TJ1wA,5,0,87v3ZMg-d52aMmF9XzHAew,0.1173337854605,0.06348207606049999,0.1627529742605,0.0467820692605,0.03605882326,0.4241910116605,0.038300363120499996,0.13199869485317098,0.07141635423819745,0.1830945801462271,0.05262910474319862,0.04056561875661555,0.4772083308134805,0.043087316449109805,22
31014,qTosDLjOmnDIjWnZjOfFcg,0,2016-11-10 06:06:02,0,W2SVOdCGG9rfoFJ_D-SOJg,1,2,bKtblvVWKeFQmXaoIW6loA,1.0025872131987,0.9329795827311999,0.8710747523311997,1.0749276791381002,0.3400490626900002,1.1168742487739998,0.6976724736546999,0.16609672053688357,0.1545649565239471,0.14430930077702486,0.1780812282150831,0.05633528274737366,0.1850304367852448,0.11558207441444278,128
72983,cs1qJvnWUg_f8g020z_3PQ,1,2013-09-06 17:19:57,1,pUfgdUzv7sOjNLqZzJmyoA,5,2,nGUZl7fh77S7IRGyxUrgNw,1.4040776660906003,1.7892618449872,1.4550755463681,1.4115821420783006,0.4127145446500001,1.5740211190034001,0.6370705699538,0.16168925021190703,0.20604587134718086,0.16756200869500754,0.162553442503394,0.04752693308042491,0.18125941370321924,0.07336308045886648,203
89883,PzZgojc8H01p77OAEkh_jg,0,2018-05-10 16:44:07,0,gShpsg7SWaZDuQwgdwAJSQ,1,0,7wDxzZsSy4fUA5xP8yHgCg,7.424238436041505,8.323962623947,7.331020477274297,8.066206568392397,2.404091233490999,7.253162949650296,3.3676406933865977,0.16808205000077103,0.18845147741628746,0.16597162941804608,0.18261597434200444,0.05442774856911808,0.1642089633932718,0.07624215686050104,968
68398,ihL-5oPKYwU26gE4eCcAyA,0,2018-03-05 17:40:58,0,7ZxK_UeJB6tO5N4LfcbkgQ,5,0,pWX8636X1eG8seFwbEjqXA,1.4577892451419,3.2510835409255003,2.3079092391177993,1.7768739007193994,0.5081564545239998,2.0005098191037995,0.8209704471273999,0.12024697313097933,0.268168362810349,0.19036983651084866,0.14656693956892666,0.04191571294486625,0.16501373656561685,0.06771843846841338,222
47214,1JOQhzsW6cu4yVHuPhlRwQ,0,2017-04-08 19:53:20,0,Tcry6B_xYnh1aowgKjnvuw,3,0,HFFiM63x9asevqVOZG5GBQ,0.41434432272349997,0.8355675281214998,0.5362504312288001,0.3750014008288,0.18067549222000004,0.5565530518287999,0.2692130841288,0.1308068026259883,0.2637852402882097,0.1692920608994467,0.11838640360813102,0.057038511580973145,0.17570151492106414,0.08498946607618686,60
10070,3HmrkEZQWaemS2aPoe-xJA,0,2015-04-28 21:10:58,0,TjVeYr2BnHlZwmMk9CNgLQ,5,0,sGW-3cfNkmtOVU2Nrf6qBg,0.1504472574497,0.2987066191664999,0.24543168244380004,0.1780376908026,0.09374001247000001,0.22083210794379998,0.059296491746499994,0.1206965420580789,0.239637841422997,0.19689794207360106,0.1428310093526541,0.07520306816754643,0.1771628958615239,0.04757070106359879,39
43417,YF4QJ_j-PM7cMZja6K1MwQ,0,2018-06-10 07:57:22,0,22FSyCnZ5tszoU0_Ihwe1w,1,1,ifhad-npEGVzQ2X8B0iBKg,0.10584576866050001,0.13222781066050002,0.1050392257605,0.2778971486605,0.00847682496,0.10738238066050002,0.014121972490500002,0.14094143615163007,0.17607106802212208,0.1398674648811439,0.37004051961947265,0.011287516723512076,0.14298754819586762,0.018804446406251646,19
61088,OIhwfK2wTtK23Bp1rtMfDQ,0,2016-03-18 04:08:21,0,ZkUMY4P3MOAOk1mbS6PEjg,3,1,q6XnQNNOEgvZaeizUgHTSw,0.09368685997000001,0.13555594497,0.12396412696999999,0.09647008456499999,0.008939346204,0.13050337597,0.010039366844,0.15636390920390436,0.2262436533589219,0.20689684231369537,0.16100912709258167,0.014919820331603788,0.21781088658015008,0.016755761119142818,12
91301,n8Zqqhff-2cxzWt_nwhU2Q,1,2018-03-17 04:44:33,0,N9wU5UlmkblBUWzzwzI80w,5,1,b50Dm7xqcGxpE761ORm4Zw,0.16777461005000002,0.23310346196000004,0.12914518436,0.26519764071499996,0.042284069039000005,0.31523258985999997,0.057122759114000006,0.13867271118518348,0.19266973141533156,0.10674388005654943,0.21919690844105313,0.034949546250366066,0.26055288030045504,0.047214342351061415,33
96660,V_RCxGOkOI2sV9V25zTwrg,0,2012-12-09 23:34:44,0,rZi5TK5hSffJPsqMC_BD1w,4,0,3VLIMsrXcbsJF7aWqN9yTA,0.16924639885300002,0.5179390067169,0.15183935771690002,0.23169855271689999,0.021246823934999996,0.25396750371689997,0.0347585385619,0.12258047862577397,0.37512887584367155,0.10997304089958065,0.16781284376753686,0.015388486046855016,0.18394162813502485,0.025174646681556844,26
47700,RLsve8g3xva3v9uMBfXW9w,0,2017-12-16 16:29:09,0,WTLZ5VdUK3AHLumAPxUSdA,5,0,R4zmTj13Uz96WEb2o_f4Wg,0.5952376321435999,0.7969460624335997,0.7231453303499998,0.8270401373507997,0.230117047,1.0947603075135999,0.2313679988799,0.1323157674590729,0.17715366801430443,0.16074845440320137,0.18384329985814513,0.05115287077796015,0.24335499378750108,0.051430945699814906,121
86530,nqBLuNgN1VrQhi6vUDr8tA,0,2016-07-16 20:33:20,0,B8IHDAGZzQ_vZNVoATKeRw,4,0,3SrvQNZ1d1D5ynOP2LTVpw,1.3182192342711,2.0038148559064,0.9857766558028996,1.2677783432169,0.30862952034200003,1.3142718924888999,0.5576341056337,0.16995849099289806,0.2583525867966237,0.12709654700868248,0.16345512834650996,0.03979171763655265,0.16944955876425635,0.07189597045447674,170
26049,Qb4sJ4ssSX1clY2wEAOmsA,1,2014-09-25 21:15:01,0,9HRFzV9r7hGWEAjwqX-RDQ,5,2,fiGqQ7pIGKyZ9G0RqWLMpg,2.4942335228485994,2.6451279149281004,2.1502808124539,2.394675417296301,0.7517401278440005,2.470130371588101,0.9619007305125999,0.17985416312865882,0.19073485427471942,0.15505242491241417,0.17267522836062096,0.05420646877891416,0.17811613336560378,0.06936072717906874,269
80502,PJerxJc0SN9h6hXlqSQc5w,3,2014-04-02 21:16:37,1,7uBNz5VnZZoMkq_OMPScfA,5,5,veeaBpjDwo-xfHSz3z3PWg,0.2292472756985,0.5788162780121997,0.151068618914,0.33665389428020004,0.08968036115,0.1878299910247,0.040836578849800007,0.14202502271657733,0.3585926802529295,0.09359118431243892,0.2085663911908484,0.0555594621168401,0.11636587026326035,0.02529938914710556,61
54869,Bs_AR85Lm4eiHXAfeaKnVA,0,2016-01-07 06:14:38,0,i7Cg_y5kLbtcfYbuCGFjGA,1,8,o5VBaN68aiFI0darhcY4YA,0.3947398366851999,0.44349522935739993,0.5148498811852001,0.5975256207852002,0.173739082024,0.5386731143212999,0.3994941948851999,0.1288939267728033,0.14481396683169773,0.16811331595446183,0.1951093263277146,0.056730814665240874,0.17589228777833854,0.13044636166974324,65
1404,hd5xm20tfSa70-6UqD9-bg,0,2018-04-27 18:36:30,0,CUX-4mn-4ExOJ1z7OjMGNA,5,1,vcdMd3zawCdPjqZ12jUn5w,0.3788488785703999,0.3620000345065,0.40012055057039997,0.38738524357039994,0.16375488346000003,0.21941733857040005,0.15892453477040003,0.18297887448909297,0.17484111112844009,0.19325280380821563,0.18710182310602505,0.07909138963449609,0.10597560115924529,0.0767583966744849,44
71970,A5AeXTmOjLbaLPHcfRkmGg,0,2014-07-15 18:24:06,0,kswe6gKVpT6INHXBo-zSTQ,4,0,XFTjyHYir7ZStOOUDWdIyA,0.1748807805764,0.40836313135319996,0.1645710375983,0.2151489999071,0.05748375873,0.1747225957983,0.0325829857021,0.1424396758277555,0.3326100893319465,0.13404243261539178,0.17523797469582394,0.04682028483561714,0.14231083497721042,0.026538707716254495,58
39882,7e88qWZtdonP7cy_p8Cc5Q,0,2016-05-19 20:23:12,0,4LloaT1KkG9eZIWfQXPruw,5,0,r4ipZqJBoV2g4SQa35Rb6Q,0.5683653283878001,0.4429403781528,0.4280073180658999,0.45807046860780004,0.14868248363000003,0.451455735689,0.21020762505470003,0.20990477907001234,0.16358369797306396,0.15806872279456174,0.1691714390537429,0.05491039357812767,0.16672853132770987,0.07763243620278142,54
82484,DPZf7Ao2nZaZ5OMWOLR8Xg,0,2013-04-12 18:40:02,0,9grmWYqPqSPozM9VPrOQyA,5,2,IlfP6QzcL7IVs-oavfQc3g,0.2607989150422,0.5781837293993,0.22494110321440003,0.2307584177782,0.07482709418700001,0.30215532525620004,0.09853850680620001,0.14732711532786602,0.32661999751081394,0.12707078881015643,0.13035703014095626,0.04227034431164499,0.17068963819786576,0.05566508570069654,55
66815,3Hz9nRYehXbfDcSOyuZ7Uw,1,2016-07-16 19:14:36,0,is_uSqjM5FEUOn-rblvEPw,5,0,kpXm7yMz2B2RF7bqORkz9w,0.2553563298275,0.3175984923905,0.11667098322449998,0.1035068619175,0.0827189397,0.1524727620545,0.0554033260245,0.2356277605277475,0.2930611571662054,0.10765710219257216,0.09551002745595066,0.07632815888255988,0.14069287214713444,0.05112292162783007,24
114,Z1wApYkrMmMQinjDdbSLbg,0,2015-10-07 22:45:03,0,QMVMeS2sAGCLTWlkyHIaDg,1,0,k9lY8q4dvX8BwCE2n4PpBA,0.28738426353810004,0.2827405300225,0.2346148508843,0.2393989647203,0.13625788430000002,0.6187070637503,0.1333886290281,0.14871173378285207,0.14630875717644903,0.12140532963310294,0.12388094835490455,0.0705088927499674,0.32016018908358423,0.06902414921913982,51
49357,XhUec_6-kgPy1_ZYUrzvPQ,0,2017-12-17 13:44:39,0,Q-8MVTsYeJY3oe9bgZ_ZkA,4,0,lyYEqqCgxrNQYJLX_yi8IA,0.12179816872840002,0.1265409692284,0.0748545528645,0.0914856457284,0.020366094180000002,0.1792052467284,0.047686072228399996,0.1840027295449072,0.19116776533155333,0.11308414723907062,0.13820904455256264,0.030767432371213096,0.27072865619452824,0.07204022476616474,15
86760,6fPQJq4f_yiq1NHn0fd11Q,5,2011-04-24 02:24:19,3,j1fWFksrX1zlJDdtopBuEA,3,4,77wo69hNeqoPVBRRLzO1hw,0.3855640551650999,0.4543792764775999,0.6412709440112999,0.4060334453175999,0.10838574878000001,0.3877067899574999,0.1367589419804,0.15299558640652478,0.180302138968569,0.2544625797196339,0.16111804053006765,0.04300852470701833,0.15384584451976233,0.054267285148424105,136
24391,AU0A_2XPYpuSwOmJDhzW-g,0,2017-08-17 04:51:22,0,Cs_tkTaq4TyKmMjT1IJyXQ,5,2,hXqQJtoa9kJpJC2EP6QlIQ,0.30367720388400005,0.5986987342118,0.3256024240457999,0.3701028427448,0.09582698967400001,0.44712976547680006,0.111293560111,0.1348279332626924,0.2658128827200387,0.1445623884109102,0.16431987894945757,0.0425456860221424,0.19851862901931044,0.04941260161544827,58
32520,dcGFb4SWiR_Fs13zpOfOjg,1,2015-10-18 00:06:35,0,o9aSPuxFZtxUzy3iMVgHRQ,4,1,o_-iGm_Efc0GYXb6sy_beA,0.4534793860308999,0.3676133561669999,0.3468254850309,0.30809586793089994,0.14481989382,0.5594493920308999,0.1842204897309,0.19178627349368238,0.1554716660504843,0.14668002422095286,0.13030042866213715,0.06124747589209274,0.23660328872942749,0.07791084295122305,76
87047,QAilTGs5JeHVkoCh769RHg,0,2015-04-02 07:30:32,0,4bNUwBY7_gCR3MtU3_QitA,5,2,IDuBHrBIU2U_n9YGtZze5A,0.2659078359625,0.23996070576250003,0.14950009133250003,0.2588044726875,0.09585979135999999,0.26266407413249987,0.1596819824755,0.1856407030229089,0.16752599243410832,0.10437188492959018,0.18068156615721653,0.06692348495592809,0.18337610550031078,0.11148026299993712,40
19106,faPVqws-x-5k2CQKDNtHxw,0,2015-04-29 04:49:43,1,KQb_Veqq8tla3jj2LMn0OA,2,0,EoDVa1xeOQVzfVSeCJZPbg,1.2981687504613002,1.5316818995791006,1.0864814541660002,1.3047931181386998,0.4023851544369999,1.7159062770317013,0.5410272735125002,0.16473294682800269,0.19436492584736578,0.137870590056292,0.16557355526814763,0.0510612293098978,0.21774233696170447,0.06865441572858973,205
56751,B9dxWJG-8Sp2hbGl8QjUOw,0,2018-06-09 16:32:08,0,y11pGVvprrIhud_YZVk5Rg,1,1,MDanwa_H9nn5Xt39H6WIGg,0.5697346238584999,0.6196467355475,0.5986947486585,0.9288541333164,0.19343904243,0.6497201725475001,0.25309729473639997,0.149411676124943,0.1625010197493196,0.1570064063834821,0.24358999281892435,0.05072897160739948,0.17038771373076853,0.06637421958516283,59
23861,rv_HhRxfYaCF7IZHovpklg,0,2016-05-31 23:19:46,0,BoBy7al5LgpK1hhlu1QPdQ,5,0,_AuF07WTd1WxgKSFAebhDQ,0.4004021134907,0.33770055509069996,0.24004981826800004,0.29138301880069994,0.15444022655,0.30172713722089994,0.1174679722811,0.21723548595253575,0.18321717523419914,0.13023742174996808,0.1580879060194,0.08379051092593251,0.16370003821363957,0.06373146190432499,44
96754,V2lhqmmpe3G51WDOfhVQXQ,1,2013-10-07 14:03:44,1,4S_GbJO878XZj9RVh6RG7w,1,4,i7mBC7m7k2FLrdVUx0UqUg,2.7403643977157994,2.4791807741822,2.9368954941440006,2.2149536773822014,0.7863708869000006,2.475918714878201,1.787743019234001,0.17769849729440715,0.16076208640740433,0.1904425252550767,0.14362832197630876,0.050992096173295955,0.16055055868616805,0.11592591420733914,290
80317,p2X4WdGMsi26t_6hN3Hz4w,0,2017-12-05 16:33:56,1,MfT06xthckuVIw7gQ-QJoQ,4,0,PNo1yZIVIWm05XPcjDoKlA,0.8449611843888999,0.5794007507889,0.7306161205249999,0.5516968713889001,0.23964698644000004,0.8502910053889,0.3395415441889,0.2042866609371427,0.14008199064048374,0.1766414013406389,0.1333840107543137,0.057939564050960755,0.20557525425432585,0.08209111802213442,42
44796,_j2EtQtgLuXGRBfbM5YwZA,0,2011-05-31 06:36:45,0,MgbBpjA_aYqVEe37pcVrJA,2,1,h9AS6_xuu_9U058y-cYgRQ,0.9389794012993999,1.5729733869152005,1.4369751797628,0.9539689994714001,0.3435858633599999,1.2167856889377,0.5825742214224,0.13326715281522505,0.22324843807885578,0.20394653025202308,0.1353945914655963,0.04876433891327517,0.17269555021828892,0.08268339825673593,182
8044,F4Q1K6fUVpMP7eGEHJ3RKA,0,2015-07-03 22:23:35,0,EngDKTlb_OyZi-2kyjghSQ,2,3,mRMoX1irrRhkd4w6na4dqg,0.5865381736560998,0.6178968374018999,0.42042318110329996,0.5880811629432998,0.1726261638,0.7894743384446999,0.18892182915030004,0.1743593501703723,0.18368129455269094,0.12497858783307816,0.17481803235257204,0.05131632874797326,0.23468588884738295,0.056160517495930325,96
32005,ixUUuzy879Tfn4Cu7kH_0w,0,2008-12-13 03:41:07,0,pYqiM3fbsrTyHXllmrqZGw,5,3,V-bp-0DBKoHlPB_WYxZY4Q,1.5252907200282,2.8648474937258017,1.8473491751332995,1.4413117656358005,0.83690822613,2.4073379038172007,0.9151891684926997,0.1288444426479857,0.24199955703772674,0.15604938240354962,0.12175056773563506,0.07069535828634729,0.20335278147956143,0.07730791040919419,248
50794,qgixm44W9chBRmjHif278g,0,2016-12-05 01:56:39,0,bys2SZyibYzVM4JxrU0jiw,4,0,mZmcNjAR6yMSnMnrVi4xJg,0.7569888003599001,0.9895769627099,0.8669542113599001,0.6305564983599,0.28960619763000006,0.6853904234959999,0.40706887890990007,0.16363285104662612,0.21390976941970027,0.1874032868970496,0.13630288522571568,0.06260209896954759,0.14815594236451532,0.08799316607684554,76
93283,FvVSy2r7_zDEhZWqLgjXNQ,0,2018-08-16 23:20:45,0,RWSbsoTzpD5fqIRF6MC1qA,5,0,vk6iSoSzFek5njezoLkeQw,0.48178684186789994,0.800380192204,0.6380846490679002,0.5510826440679001,0.27685225262999996,0.5297589560679001,0.3180558952179,0.13397849002450898,0.22257504829577804,0.1774428240059246,0.15324872768354963,0.07698891614275662,0.1473188946708476,0.08844709917663456,49
10905,i5k6adxc1CsMxdp4bCt6Dw,0,2010-01-08 19:35:32,0,3mKqq-dMWb-sqc-24GYwUw,5,1,-InhDRRVG7wrwsgAUvN4Qw,1.0500657165397997,1.815409736755201,1.1592193842494,1.4946570825212004,0.6355171529600001,1.8481237373365005,0.7851980953241998,0.11948599294313991,0.20657377112513114,0.1319064864077247,0.17007562745981078,0.07231490073216272,0.21029626656615896,0.08934695476587179,221
55126,qQCsLGMncJp1xWUGnOKCQA,0,2015-06-21 23:22:22,0,5m-iHoHX0wA1la1mQZ0RFQ,4,1,g4YlXRQjek_ygY1oC2lQ8A,0.49733127028489993,0.7528861015146999,0.39512515301449996,0.4811791473216,0.106505270417,0.5200898752738998,0.2332734950915,0.1665325755088394,0.25210572719110863,0.1323086106010069,0.16112399817270506,0.03566354670931484,0.17415334928732173,0.07811219252970347,81
70656,7z2x16M7IuG8KPfMsyVrKA,1,2018-04-16 16:54:36,0,q1aTOTQ-GXMg7y0Lo5uM1w,5,2,hHqH_E9FCI_B6WubV0jPYA,0.6092582901114999,0.40549048583349995,0.4154302069305001,0.48262168985850007,0.14904863241000002,0.6345414609735001,0.30621165005189993,0.20291007788129578,0.13504634634605017,0.1383567150593615,0.16073446396350052,0.049639816316457336,0.21133049702365278,0.10198208340968182,66
54744,I4EmpNOW7zCcx7fUnQ9ixg,0,2013-09-04 20:07:32,0,6lkhI2TOiD2usTAvf0rmog,3,0,iP1JKQ8jzz_yOxbzywLDxQ,0.1846770436605,0.2587299496605,0.1800618126605,0.1739712686605,0.044097540914,0.1717016536605,0.058712583734499994,0.17228109933491742,0.24136340540690948,0.16797565316464902,0.16229392036738466,0.041137613403627135,0.1601766471020305,0.054771661220481896,17
81446,faPVqws-x-5k2CQKDNtHxw,0,2017-08-18 03:12:10,0,1QFxgc6UFZvcuu1_WYG3Hw,3,0,2tPZN-kAeXLwD9yuqMbPHQ,1.1178185462581003,1.2151961814720997,0.9528540274633996,1.4289647600959994,0.18891984091599992,0.8040672058583999,0.42852441751060005,0.18216357619704637,0.1980325724053968,0.15528038769578045,0.23286903928192482,0.030787030641992487,0.13103357267800508,0.06983382109985405,156
54028,y2V42mxWvVoH4NvUT_n8eg,0,2017-04-30 23:27:56,0,FUH05DeOMagOwnbaykTeEw,1,0,jC2F29-qV5gD2Ml5A2j48A,0.7408110067607997,0.6679734788695998,0.9428352527329998,0.8431626237608,0.21307032743300006,0.7869781554607999,0.5339069686895996,0.15666146780507625,0.1412583029943609,0.19938412529447547,0.17830606326209333,0.04505860460593835,0.16642456961337943,0.11290686642467629,94
96383,lzGeyctmJWzetpDWFhE86Q,0,2015-10-09 21:36:31,0,jSAzIfxDUbaciGKSF7UQHg,5,0,UYa9OVml7wCnvn9iMtGNvw,0.9348429723991999,1.8662090330895003,0.7336916051882,1.0021831697751997,0.43654690281,0.9838334980812002,0.5784486845645999,0.14303517321930115,0.285538363332098,0.11225811065179389,0.15333852584715293,0.06679363669122579,0.15053094366836992,0.08850524659005848,118
60318,PgpO8RswM-xOitG4PBNo1w,0,2018-07-18 04:15:13,0,lWF4Dd68_02B3IYRZ5TTjw,5,0,OPHtdryCpZaooJ_kfJlDxA,0.316359129543,0.53041496404,0.53184745283,0.36466679369000005,0.17720359806000005,0.70005814019,0.19557725985400007,0.11233836100054433,0.18834906960482467,0.18885774290612223,0.12949229558709505,0.0629245686641513,0.2485889507523903,0.06944901148487202,49
58761,OFnif1n1Za196N1qyx25wQ,0,2014-10-28 16:51:26,0,d_KN4GbEvqSjbs81tpf6kw,5,1,TcPgVR_SL16LgdRVR8Y7xw,0.2261603668308,0.3272721572209,0.1531354444419,0.29399591501190003,0.08041601095,0.16906896277100003,0.12152087562980002,0.164891628484554,0.2386113876538776,0.1116497694382587,0.21434995827711378,0.058630639787109695,0.12326676414688238,0.08859985221220379,28
44498,77h11eWv6HKJAgojLx8G4w,0,2017-10-25 01:35:06,0,jme8gqj068B-donrIwRVxQ,4,0,4mHn9Z3aK9amRSZnLP-jKw,1.3680586927625,1.5355942008624002,1.6925814724537,1.0436217340877003,0.4360421025239999,1.5114163768206998,0.4890813256137,0.16938975117532667,0.19013359658211193,0.2095713846048223,0.12921874389856164,0.05398968892143079,0.1871399563091829,0.06055687850856398,169
59628,ABeszRTxM38rjrRQATo-2g,0,2017-01-04 18:32:29,0,T7l-lC9gAfSevflAys2BvA,4,0,q5FQmuXxzPEsvEtA_Mvd1w,0.8801621528850997,1.3320257205552002,1.0994166516914,0.7828425422770999,0.3400356248070001,1.3091361898491,0.40319494206909995,0.14318998070664718,0.21670181636628041,0.17885959834586207,0.1273574513032191,0.05531900502207033,0.2129780122360447,0.06559413601987603,133
38490,FUbPB2RwKAHu1AG4fCJizA,0,2014-04-19 22:37:16,0,CLnEM2Wwu_EJkkh9rePsCw,5,0,Grk809sxXhubOORSZGafHw,0.7431563960276001,0.7541373550686001,0.8636568899159999,0.7040930271398,0.22801420679399997,0.9264681074215999,0.3009077660866,0.16439935576574452,0.1668285383734434,0.19105619902323193,0.1557578467731267,0.05044078057154833,0.20495115269379038,0.06656612679911479,89
57565,8yiLVWzJyyTEhYE0fVNvlA,1,2014-11-14 05:24:29,0,F-NTjDQplvecvvvoXSuCCg,5,0,ecEXayvVCuYJHkxwig21Xw,0.46992560301389985,0.8066627160727001,0.92924349815,0.7525305362948999,0.16652911584000002,0.8453275516149,0.20600248862369994,0.1125241086787499,0.1931561135386259,0.2225081921568753,0.18019411435988641,0.03987554670095732,0.202414443216117,0.049327481348788116,104
29032,XsSgv3vBOyOBXn3Co8EVIg,0,2017-11-19 03:50:03,0,M5MxA9Ps7YtsjK83u4uXlw,5,0,NKh8NeJm5l3oC47KFXzV_A,0.07692013059750002,0.423535450977,0.17577855365,0.081497581489,0.009148233790000002,0.09542610637250001,0.015237187137000001,0.08765394881937069,0.48263769776196436,0.20030756871440972,0.09287016001207195,0.010424823907440942,0.10874234064650422,0.017363460138238244,17
18939,OVTZNSkSfbl3gVB9XQIJfw,0,2015-01-19 04:21:48,2,mfZQIrlZ8Jw3kufwuOVWvA,4,4,i-DWCn1Xk5-exHi0mBDO1g,0.6032420079666002,0.7108205068163,0.6784112189554001,0.5782210164109,0.21337699618000003,0.6199327508093002,0.43713323248059993,0.15704774221319567,0.18505467828845265,0.1766172594448139,0.1505337889740908,0.055550467387473546,0.1613930023984781,0.11380306129349532,85
18672,TCoBE_BkDRrK0bWrh5VueQ,1,2018-01-22 01:37:27,0,MVY7J_qaC4J1W6qezhonYA,5,3,9jInruOKdpf20R5un0TxAA,0.3100537890089,0.6096464739209,0.46326839149539994,0.386337334545,0.12500464139,0.3523283940089,0.2130198244954,0.1260556069196491,0.24785814268606512,0.18834660412734372,0.15706947925861847,0.050821942826627484,0.1432427892069472,0.08660543497474882,65
61277,wUKzaS1MHg94RGM6z8u9mw,0,2017-03-05 01:54:48,0,68iyQZ2-u_vwzInN4Yenkw,3,0,_-CxZzdv0yjfYCUekNYA5w,0.152102526321,0.371569576321,0.18743097272099998,0.17608496872100002,0.02155360768,0.258191274721,0.07233481472100001,0.12273580701211556,0.29982994309155914,0.151243324173516,0.14208791439180204,0.017392212322919817,0.20834180228861585,0.05836899671947161,24
65665,kIrjc7PrdoSpEubQ_aszdw,0,2010-07-11 04:50:32,0,Kjjn3sJbEEae_uESAYq1GA,4,1,2AtXEH0Gs3JCVEmXv2gISQ,1.5674153969807,1.8592967625710002,2.3797471690817,1.2982470549396998,0.6419837112669999,2.0625594939206997,1.1854083350488,0.14256154287314085,0.16910910511772995,0.21644576716918248,0.11807980420457348,0.05839051253033941,0.18759651352627368,0.10781675457876014,206
47653,q7aNYIUEkmisLTE3qBPRog,0,2011-12-03 01:29:08,0,PBKXRtRmhWTHGYPCinc8VA,3,0,rKkpHJkJ27xOwnhy_bMkvA,0.5960588444078999,0.4902396447829,0.5719605884619,0.41239018332680005,0.16912636634800005,0.46079101449500004,0.21201740528880003,0.20464949157400997,0.16831776760884187,0.1963756510405838,0.14158911010166675,0.05806746298557101,0.15820694168534377,0.07279357500398273,53
8982,zUDVw-7GkqjE6qhT-92XRA,0,2016-11-21 23:26:43,0,iPfXNEe-uC-yXOHZlxPlrw,5,0,yuAh44PQDYCawKimm_t3BQ,0.35102634567479996,0.5185537183297999,0.32689264867100004,0.20577254362600006,0.12329008021,0.3029255109948,0.11364182018980001,0.18074551439198705,0.26700633645950816,0.16831893293199232,0.10595348384444356,0.06348278196654332,0.15597811384201557,0.05851483656351005,63
75760,4SxQLZ2EcjlFRG6BvCi0iA,0,2017-05-15 00:48:19,0,o22Fl-aZ-0vy_btZnEJYnA,1,1,9leKYP8FEOSv1Vzuo0wC3w,0.1401947390679,0.20228664576789998,0.143374123204,0.2838465610679,0.037078864149999995,0.2205983485679,0.051979987067899996,0.12988700158346717,0.1874136365876333,0.13283262333122806,0.2629769060665815,0.03435266200846287,0.2043789819807128,0.048158188441914274,20
87677,qTmuW0C9XXuxWwumvn89sw,0,2017-07-29 03:00:21,0,f9wKsaN6JmJM2TEXbF8gtQ,5,0,YAwxFb09bSeHq7dWQUnDrw,1.4331761385104,1.8462688256663005,1.0918854387497001,1.4884909816852,0.4677088457899999,1.7292934316332,0.5966695424868,0.1656182196759039,0.2133553216060299,0.12617857470312346,0.17201041781686935,0.05404855989782414,0.1998376136390347,0.06895129266121452,242
92338,v-scZMU6jhnmV955RSzGJw,0,2016-07-26 18:44:09,0,vr9XnChRxYIfyLsBcs6WbQ,4,0,tJiWkQtxSmr4UdfEp-EYHA,0.8381330016876994,1.5564167628591,1.1310917816079,1.2317384105600004,0.27941908948699995,1.1496404523154,0.3611262061273,0.12800681039262954,0.23770922401818487,0.172749970390611,0.18812158077104726,0.042675263157542505,0.1755828813600027,0.0551542699099822,174
84246,ssLkDDah5ci-tQPq3iPFUg,0,2011-12-03 02:35:19,4,3eGCwn1LZWEyRsw5-5Sphw,5,0,H_-K6erSJYtzg3ZEvOg3EQ,0.5731786708451,0.8404843702345,0.8639348238862999,0.5745585988813,0.13639387366000003,0.7061171606451,0.38321379109509984,0.1405579589470796,0.20610810139341182,0.21185874786603826,0.14089635232793613,0.033447239874207425,0.17315785099164047,0.09397374859968631,76
89817,P-xthnjpyWaS9wma9HfFUA,0,2017-09-21 01:41:13,0,iBEiMPfHVNfralygh5I6Bg,5,1,EbdwRzkF8Q9Dt-iv76nH_g,0.36580901577559993,0.67319597314,0.49264815198559997,0.5403173648063999,0.11242810605999998,0.6205696152819,0.1325387088789,0.12453043473750502,0.22917255612444581,0.1677096131961637,0.1839373920101511,0.03827330743798467,0.21125724255890782,0.0451194539348419,80
92308,HhLVQg2DAmMll14mNDB4dg,1,2011-04-25 00:49:15,0,zRKPAArh_ZbGIVPDPGGZHQ,5,5,UBneWvnCnYuYzDNTKx-HpQ,1.3561414984445,1.4366808646402998,1.107154815988,1.1362791392883,0.43216299292999993,1.3020045016245,0.5043715169562,0.1864164470546553,0.1974874617765525,0.15219051063083458,0.15619396667044433,0.059405519101747115,0.17897472610373008,0.06933136866203606,174
54059,dm6sO_Y8JdKTE1ZM955yug,1,2017-04-08 18:04:03,0,0xGmDgNZF8AUnxkEZ1Mrrg,5,0,VqeGHWroV3FReJILHvrXWQ,0.08041083799570001,0.42767860368179994,0.13153518489570004,0.0495058698957,0.05933317219999999,0.31035214876789996,0.021181904925699997,0.07445463664478932,0.39599954224556233,0.1217920947166131,0.04583886509260934,0.05493823826795523,0.2873637067391246,0.019612916293345953,31
39129,HhVmDybpU7L50Kb5A0jXTg,0,2018-06-19 19:20:14,0,7R9NenuxJnvPjl9Wpr5Ybg,4,0,jxcihfRZBuJKVlfTYdwjpw,0.290168660278,0.28610793796699996,0.196283233278,0.16324639665590002,0.08601982629400001,0.309923829967,0.09287653572990001,0.2036805271682488,0.20083015021783676,0.13777874009567026,0.11458891562353786,0.060380619842602234,0.2175474395105353,0.06519360754156878,20
70528,wdwODzBChLIh_u8V8CPpyA,0,2015-11-08 02:37:15,0,OqGy2pPtJ6eNfSf5aTi6BQ,1,2,fMqCSzzNnrp4aB2pZta3Hw,0.7893299891149999,1.1359889953909004,0.8453556751654,0.6760634385738999,0.306034309337,0.9196541799789002,0.38970017551540004,0.15592853084447172,0.22440943274611022,0.16699614899640253,0.1335532415950452,0.060455678741440304,0.18167347895886782,0.0769834881176623,100
27563,KK-_ZcYPf8lSz2-7GBWZaw,3,2012-12-05 02:45:57,2,huXl2Jn0MiuYVYb-4xhRsA,4,4,T76-jKiHe5Fz5qTjQQlWoA,1.2811313849437,1.6422326725174003,1.6366572907380006,1.5357649747015,0.46922320150999997,1.8211608418345007,0.7955181282563998,0.13953113152454602,0.17885955001641138,0.17825232164194207,0.1672638943938471,0.05110423881086758,0.1983470516261918,0.086641811986194,253
81162,OVTZNSkSfbl3gVB9XQIJfw,0,2013-08-19 03:11:32,0,Tub5qxQLZtm8mX7WGt06Vg,3,0,Ai_ML2FpJNU2ujdkZcd1Zw,0.5284447653025001,0.8881472963024999,0.8834534223025002,0.4958673453025,0.23194702013000004,0.7818327903025001,0.32994914230249994,0.12765470858065686,0.21454689634647714,0.21341301224556966,0.11978508562388651,0.056030698390772425,0.1888648418113023,0.07970475700133507,70
84948,wUKzaS1MHg94RGM6z8u9mw,0,2016-01-18 04:04:30,0,jh7w1LvDJq7CMxbpKPNblw,3,0,ccuRU2f5HkXHKLPmbQ8XEA,0.3227376828265,0.5868854150552999,0.21790041757100004,0.2104158728433,0.06464501121999999,0.2991060488845,0.15352316552980008,0.17396254555439447,0.3163438488422592,0.11745300699328243,0.1134186765682035,0.034845050044153676,0.16122458709799076,0.08275228489971594,53
89503,02BXFKzu1rgaYulNGYvi6g,0,2017-05-01 23:36:45,0,12hA-Ama6k7NXl64-1MswQ,1,0,KIz6MX75eJfXxgX_jL38ag,0.6889881704589002,0.6009006026451,0.7289798731949,0.7935398401890001,0.16781789847,0.6605749277442,0.3110624763,0.17434512099742158,0.15205498841265366,0.18446482776648973,0.20080141486591566,0.04246550676595468,0.16715528748297376,0.07871285370859088,78
58980,tWJWgm6o-FwwcxXa6G7l4Q,0,2015-01-05 21:16:53,0,9AuIV0gzGW_XPs_mVX7f8A,5,0,WnelL3PoSpR_7nMWuaDgqA,0.039298141238500006,0.35943376636029994,0.056917614735500006,0.0445687976235,0.04284023075,0.041067546665500006,0.037510292344300006,0.06321724707324897,0.5782058005381333,0.09156094410971792,0.0716959276527343,0.06891525570030041,0.06606361426839308,0.0603412106574719,23
94976,NCQsIvDF9e-bNyPwKJOUBg,0,2017-07-29 23:04:00,1,QZ_33SK7Iljl47GJSMiobA,1,1,OCYFrsEKEDyalNjb5XHfeQ,1.0201943187320999,1.1198638971465003,1.0762282857296999,0.8183775846584,0.20605902265700005,0.9714043152230001,0.7624147589128001,0.17075690278408398,0.18743928201257254,0.18013569119677297,0.13697745527328717,0.034489508374594725,0.16259058610003055,0.12761057425865818,134
57969,rITfn--tcngFvuzpNwgilg,0,2017-07-29 14:16:00,0,-MmYdyGrvd4eQusASFLX0w,5,0,ff6d7M79ZUkAMfMRBmvSeA,0.9917021186343999,1.1941616524305,0.5775743257384001,0.8808074236923997,0.30509719325999995,1.1918729995694,0.3438083894815999,0.18080177954495105,0.217713109377121,0.10530023476885979,0.16058405709497037,0.05562367412458242,0.2172958545359018,0.06268129055361349,108
45056,hgQOESYp7CF4LnNI90XEiw,0,2014-10-29 00:46:59,0,ScB3L3l9HNqJd_yHpnD06A,2,2,jjHMbNsNYV3sQ13bh4lOCw,0.4875631321793999,0.9665055736603998,1.0215362951354998,0.46557525360040003,0.13869963680000005,0.8223126043334,0.3234864603834,0.1153810162214148,0.22872196011647106,0.24174489017029302,0.11017762078899603,0.03282304175049212,0.19459893022582941,0.07655254072650353,87
66024,b31CVkPRlnYVjK0RgTAPWA,0,2013-12-31 16:12:48,0,XtPQkOKiBk4X9cdsAud4Ng,3,1,tTCxfydEIRvLm8FMzDK0_w,0.6341928856394998,0.7568456704815,0.5139933282395,0.6019505493214998,0.142649477606,0.6805543112674999,0.2145965376875,0.17890881572557216,0.21350974704853765,0.14499995147918882,0.16981309999381605,0.04024209302919911,0.19198759340074395,0.06053869932294218,58
99625,kPorLswaS8h4xy-notLk9Q,0,2012-12-08 18:11:45,0,J6JlMRgiizjz22-GBn2Nqg,3,0,Ic6-gs1_FjrWGx6JIr95Mw,0.5373044326465999,0.9589775258557001,0.3732042838045999,0.3812022915995,0.12115104728000001,0.4479909590045999,0.20158759169340001,0.1778318687428719,0.31739318558256097,0.12351957508504115,0.1261666790096846,0.04009741187474785,0.14827175169071902,0.0667195280143744,64
91694,yNPh5SO-7wr8HPpVCDPbXQ,0,2012-06-04 00:19:27,0,B4V7VJT1yfy_vNJ0KKC4WA,4,1,oNe2SQ2koOVOI-9A4h_Jmg,0.19891305774999998,0.278505057,0.18140874434999998,0.16698808405,0.037029299225,0.13715732865000002,0.042287844124999995,0.1908424424720591,0.2672051092065626,0.17404834176877135,0.16021277931328518,0.035526887913057206,0.13159236451639603,0.0405720748098686,10
79332,oFHvr1cAktvU-bQgrl4aPw,1,2018-03-24 11:18:56,1,pwyqdiPuGGJAgJAtecsJfg,5,1,AbVdT3VAgGKhaH7XTi8iew,1.6864867166583002,2.275218244782301,2.3046321027638004,2.0589658217802005,0.6803162543300001,2.1080595060319,1.1089933040442999,0.13798019970620068,0.18614737055996616,0.18855387039084473,0.1684546415167731,0.05566019092153153,0.17247124970612485,0.090732477198559,208
8237,zuwba6QEBIDZT0tJZmNhdQ,0,2017-06-28 02:35:58,0,yLDlMmB7Y47q0JSRi9fIIA,5,0,wxjY7zgCR3McT1Z9M2JGfA,0.2080264993386,0.2019550450428,0.365960025906,0.45264411175380004,0.11097483198,0.4598453834208,0.1414392219818,0.10718346212002694,0.10405520925995199,0.1885570477744492,0.2332201097469238,0.05717861300181764,0.23693048910431316,0.07287506899251736,72
61278,77h11eWv6HKJAgojLx8G4w,0,2018-06-20 03:13:31,0,uKyFiAUvm_Pi0bdd0f6Zgw,5,0,XvYpMjTM6cBOPVHtlH3hFg,0.8687084628253999,0.9210593185843998,1.0650047911615,0.6592012883843998,0.24262296204,0.9050490686674,0.28013392242440005,0.17578858134249087,0.18638210386442997,0.21551036898193998,0.1333934965101478,0.04909627121555604,0.18314232983173034,0.05668684825370488,85
48644,iNhP0ejUf2jVzaR5YCOoEQ,0,2017-01-28 03:16:06,0,AmZLzCNNARhcVutJeWp_YA,5,0,WRPEHlgV-8angr67GQZpRw,0.09014250472839999,0.11505453572839999,0.0700206857284,0.0490586002284,0.04053898089999999,0.07368339086450001,0.004422860728400001,0.20351798849201855,0.2597627805981054,0.158088231020566,0.11076137352518482,0.09152632127477385,0.1663576526877854,0.009985652401565891,18
